--------------------------------------------------------
-- Archivo creado  - martes-diciembre-09-2014   
--------------------------------------------------------
--------------------------------------------------------
--  DDL for Sequence DEMO_CUST_SEQ
--------------------------------------------------------

   CREATE SEQUENCE  "PROINT1"."DEMO_CUST_SEQ"  MINVALUE 1 MAXVALUE 9999999999999999999999999999 INCREMENT BY 1 START WITH 21 CACHE 20 NOORDER  NOCYCLE ;
--------------------------------------------------------
--  DDL for Sequence DEMO_ORDER_ITEMS_SEQ
--------------------------------------------------------

   CREATE SEQUENCE  "PROINT1"."DEMO_ORDER_ITEMS_SEQ"  MINVALUE 1 MAXVALUE 9999999999999999999999999999 INCREMENT BY 1 START WITH 61 CACHE 20 NOORDER  NOCYCLE ;
--------------------------------------------------------
--  DDL for Sequence DEMO_ORD_SEQ
--------------------------------------------------------

   CREATE SEQUENCE  "PROINT1"."DEMO_ORD_SEQ"  MINVALUE 1 MAXVALUE 9999999999999999999999999999 INCREMENT BY 1 START WITH 11 CACHE 20 NOORDER  NOCYCLE ;
--------------------------------------------------------
--  DDL for Sequence DEMO_PROD_SEQ
--------------------------------------------------------

   CREATE SEQUENCE  "PROINT1"."DEMO_PROD_SEQ"  MINVALUE 1 MAXVALUE 9999999999999999999999999999 INCREMENT BY 1 START WITH 21 CACHE 20 NOORDER  NOCYCLE ;
--------------------------------------------------------
--  DDL for Sequence DEMO_USERS_SEQ
--------------------------------------------------------

   CREATE SEQUENCE  "PROINT1"."DEMO_USERS_SEQ"  MINVALUE 1 MAXVALUE 9999999999999999999999999999 INCREMENT BY 1 START WITH 21 CACHE 20 NOORDER  NOCYCLE ;
--------------------------------------------------------
--  DDL for Sequence GIV_NB_IDN_SEQ
--------------------------------------------------------

   CREATE SEQUENCE  "PROINT1"."GIV_NB_IDN_SEQ"  MINVALUE 1 MAXVALUE 9999999999999999999999999999 INCREMENT BY 1 START WITH 1 NOCACHE  ORDER  NOCYCLE ;
--------------------------------------------------------
--  DDL for Sequence PRO_NB_IDN_SEQ
--------------------------------------------------------

   CREATE SEQUENCE  "PROINT1"."PRO_NB_IDN_SEQ"  MINVALUE 1 MAXVALUE 9999999999999999999999999999 INCREMENT BY 1 START WITH 1 NOCACHE  ORDER  NOCYCLE ;
--------------------------------------------------------
--  DDL for Sequence TB_ADM_PAISES_NB_IDN_SEQ
--------------------------------------------------------

   CREATE SEQUENCE  "PROINT1"."TB_ADM_PAISES_NB_IDN_SEQ"  MINVALUE 1 MAXVALUE 9999999999999999999999999999 INCREMENT BY 1 START WITH 1 NOCACHE  ORDER  NOCYCLE ;
--------------------------------------------------------
--  DDL for Sequence TB_ADM_TIPOIDENTIFICACION_NB_I
--------------------------------------------------------

   CREATE SEQUENCE  "PROINT1"."TB_ADM_TIPOIDENTIFICACION_NB_I"  MINVALUE 1 MAXVALUE 9999999999999999999999999999 INCREMENT BY 1 START WITH 1 NOCACHE  ORDER  NOCYCLE ;
--------------------------------------------------------
--  DDL for Sequence TB_ADM_UNIVERSIDADES_NB_IDM
--------------------------------------------------------

   CREATE SEQUENCE  "PROINT1"."TB_ADM_UNIVERSIDADES_NB_IDM"  MINVALUE 1 MAXVALUE 9999999999999999999999999999 INCREMENT BY 1 START WITH 1 NOCACHE  ORDER  NOCYCLE ;
--------------------------------------------------------
--  DDL for Sequence TB_MIC_ESTADOMIC_NB_EST_IDN
--------------------------------------------------------

   CREATE SEQUENCE  "PROINT1"."TB_MIC_ESTADOMIC_NB_EST_IDN"  MINVALUE 1 MAXVALUE 9999999999999999999999999999 INCREMENT BY 1 START WITH 1 NOCACHE  ORDER  NOCYCLE ;
--------------------------------------------------------
--  DDL for Sequence TB_MIC_EVALUACION_NB_EV_IDN
--------------------------------------------------------

   CREATE SEQUENCE  "PROINT1"."TB_MIC_EVALUACION_NB_EV_IDN"  MINVALUE 1 MAXVALUE 9999999999999999999999999999 INCREMENT BY 1 START WITH 1 NOCACHE  ORDER  NOCYCLE ;
--------------------------------------------------------
--  DDL for Sequence TB_MIC_UNIDADES_NB_UNI_IDN_SEQ
--------------------------------------------------------

   CREATE SEQUENCE  "PROINT1"."TB_MIC_UNIDADES_NB_UNI_IDN_SEQ"  MINVALUE 1 MAXVALUE 9999999999999999999999999999 INCREMENT BY 1 START WITH 1 NOCACHE  ORDER  NOCYCLE ;
--------------------------------------------------------
--  DDL for Sequence TB_PRD_AUTOR_SEQ
--------------------------------------------------------

   CREATE SEQUENCE  "PROINT1"."TB_PRD_AUTOR_SEQ"  MINVALUE 1 MAXVALUE 9999999999999999999999999999 INCREMENT BY 1 START WITH 1 CACHE 20 NOORDER  NOCYCLE ;
--------------------------------------------------------
--  DDL for Sequence TB_PRD_CAMPOS_NB_IDN_SEQ
--------------------------------------------------------

   CREATE SEQUENCE  "PROINT1"."TB_PRD_CAMPOS_NB_IDN_SEQ"  MINVALUE 1 MAXVALUE 9999999999999999999999999999 INCREMENT BY 1 START WITH 2 NOCACHE  ORDER  NOCYCLE ;
--------------------------------------------------------
--  DDL for Sequence TB_PRD_CAMPOS_SEQ
--------------------------------------------------------

   CREATE SEQUENCE  "PROINT1"."TB_PRD_CAMPOS_SEQ"  MINVALUE 1 MAXVALUE 9999999999999999999999999999 INCREMENT BY 1 START WITH 1 CACHE 20 NOORDER  NOCYCLE ;
--------------------------------------------------------
--  DDL for Sequence TB_PRD_DETALLEPRODUCCIONES_NB_
--------------------------------------------------------

   CREATE SEQUENCE  "PROINT1"."TB_PRD_DETALLEPRODUCCIONES_NB_"  MINVALUE 1 MAXVALUE 9999999999999999999999999999 INCREMENT BY 1 START WITH 1 NOCACHE  ORDER  NOCYCLE ;
--------------------------------------------------------
--  DDL for Sequence TB_PRD_DETALLEPRODUCIONES_NB_I
--------------------------------------------------------

   CREATE SEQUENCE  "PROINT1"."TB_PRD_DETALLEPRODUCIONES_NB_I"  MINVALUE 1 MAXVALUE 9999999999999999999999999999 INCREMENT BY 1 START WITH 1 NOCACHE  ORDER  NOCYCLE ;
--------------------------------------------------------
--  DDL for Sequence TB_PRD_TIPOPRODUCCIONESXCAMPO_
--------------------------------------------------------

   CREATE SEQUENCE  "PROINT1"."TB_PRD_TIPOPRODUCCIONESXCAMPO_"  MINVALUE 1 MAXVALUE 9999999999999999999999999999 INCREMENT BY 1 START WITH 1 NOCACHE  ORDER  NOCYCLE ;
--------------------------------------------------------
--  DDL for Sequence TB_PRD_TIPOPRODUCIONESXCAMPO_N
--------------------------------------------------------

   CREATE SEQUENCE  "PROINT1"."TB_PRD_TIPOPRODUCIONESXCAMPO_N"  MINVALUE 1 MAXVALUE 9999999999999999999999999999 INCREMENT BY 1 START WITH 1 NOCACHE  ORDER  NOCYCLE ;
--------------------------------------------------------
--  DDL for Sequence TPR_NB_IDN_SEQ
--------------------------------------------------------

   CREATE SEQUENCE  "PROINT1"."TPR_NB_IDN_SEQ"  MINVALUE 1 MAXVALUE 9999999999999999999999999999 INCREMENT BY 1 START WITH 1 NOCACHE  ORDER  NOCYCLE ;
--------------------------------------------------------
--  DDL for Table APEX$_ACL
--------------------------------------------------------

  CREATE TABLE "PROINT1"."APEX$_ACL" 
   (	"ID" NUMBER, 
	"WS_APP_ID" NUMBER, 
	"USERNAME" VARCHAR2(255 BYTE), 
	"PRIV" VARCHAR2(1 BYTE), 
	"CREATED_ON" DATE, 
	"CREATED_BY" VARCHAR2(255 BYTE), 
	"UPDATED_ON" DATE, 
	"UPDATED_BY" VARCHAR2(255 BYTE)
   ) SEGMENT CREATION IMMEDIATE 
  PCTFREE 10 PCTUSED 40 INITRANS 1 MAXTRANS 255 NOCOMPRESS LOGGING
  STORAGE(INITIAL 65536 NEXT 1048576 MINEXTENTS 1 MAXEXTENTS 2147483645
  PCTINCREASE 0 FREELISTS 1 FREELIST GROUPS 1 BUFFER_POOL DEFAULT FLASH_CACHE DEFAULT CELL_FLASH_CACHE DEFAULT)
  TABLESPACE "APEX_4876023932912102" ;
--------------------------------------------------------
--  DDL for Table APEX$_WS_FILES
--------------------------------------------------------

  CREATE TABLE "PROINT1"."APEX$_WS_FILES" 
   (	"ID" NUMBER, 
	"WS_APP_ID" NUMBER, 
	"DATA_GRID_ID" NUMBER, 
	"ROW_ID" NUMBER, 
	"WEBPAGE_ID" NUMBER, 
	"COMPONENT_LEVEL" VARCHAR2(30 BYTE), 
	"NAME" VARCHAR2(255 BYTE), 
	"IMAGE_ALIAS" VARCHAR2(255 BYTE), 
	"IMAGE_ATTRIBUTES" VARCHAR2(255 BYTE), 
	"CONTENT" BLOB, 
	"CONTENT_LAST_UPDATE" DATE, 
	"MIME_TYPE" VARCHAR2(255 BYTE), 
	"CONTENT_CHARSET" VARCHAR2(255 BYTE), 
	"CONTENT_FILENAME" VARCHAR2(500 BYTE), 
	"DESCRIPTION" VARCHAR2(4000 BYTE), 
	"CREATED_ON" DATE, 
	"CREATED_BY" VARCHAR2(255 BYTE), 
	"UPDATED_ON" DATE, 
	"UPDATED_BY" VARCHAR2(255 BYTE)
   ) SEGMENT CREATION IMMEDIATE 
  PCTFREE 10 PCTUSED 40 INITRANS 1 MAXTRANS 255 NOCOMPRESS LOGGING
  STORAGE(INITIAL 65536 NEXT 1048576 MINEXTENTS 1 MAXEXTENTS 2147483645
  PCTINCREASE 0 FREELISTS 1 FREELIST GROUPS 1 BUFFER_POOL DEFAULT FLASH_CACHE DEFAULT CELL_FLASH_CACHE DEFAULT)
  TABLESPACE "APEX_4876023932912102" 
 LOB ("CONTENT") STORE AS BASICFILE (
  TABLESPACE "APEX_4876023932912102" ENABLE STORAGE IN ROW CHUNK 8192 RETENTION 
  NOCACHE LOGGING 
  STORAGE(INITIAL 65536 NEXT 1048576 MINEXTENTS 1 MAXEXTENTS 2147483645
  PCTINCREASE 0 FREELISTS 1 FREELIST GROUPS 1 BUFFER_POOL DEFAULT FLASH_CACHE DEFAULT CELL_FLASH_CACHE DEFAULT)) ;
--------------------------------------------------------
--  DDL for Table APEX$_WS_HISTORY
--------------------------------------------------------

  CREATE TABLE "PROINT1"."APEX$_WS_HISTORY" 
   (	"ROW_ID" NUMBER, 
	"WS_APP_ID" NUMBER, 
	"DATA_GRID_ID" NUMBER, 
	"COLUMN_NAME" VARCHAR2(255 BYTE), 
	"OLD_VALUE" VARCHAR2(4000 BYTE), 
	"NEW_VALUE" VARCHAR2(4000 BYTE), 
	"APPLICATION_USER_ID" VARCHAR2(255 BYTE), 
	"CHANGE_DATE" DATE
   ) SEGMENT CREATION IMMEDIATE 
  PCTFREE 10 PCTUSED 40 INITRANS 1 MAXTRANS 255 NOCOMPRESS LOGGING
  STORAGE(INITIAL 65536 NEXT 1048576 MINEXTENTS 1 MAXEXTENTS 2147483645
  PCTINCREASE 0 FREELISTS 1 FREELIST GROUPS 1 BUFFER_POOL DEFAULT FLASH_CACHE DEFAULT CELL_FLASH_CACHE DEFAULT)
  TABLESPACE "APEX_4876023932912102" ;
--------------------------------------------------------
--  DDL for Table APEX$_WS_LINKS
--------------------------------------------------------

  CREATE TABLE "PROINT1"."APEX$_WS_LINKS" 
   (	"ID" NUMBER, 
	"WS_APP_ID" NUMBER, 
	"DATA_GRID_ID" NUMBER, 
	"ROW_ID" NUMBER, 
	"WEBPAGE_ID" NUMBER, 
	"COMPONENT_LEVEL" VARCHAR2(30 BYTE), 
	"TAGS" VARCHAR2(4000 BYTE), 
	"SHOW_ON_HOMEPAGE" VARCHAR2(1 BYTE), 
	"LINK_NAME" VARCHAR2(255 BYTE), 
	"URL" VARCHAR2(4000 BYTE), 
	"LINK_DESCRIPTION" VARCHAR2(4000 BYTE), 
	"DISPLAY_SEQUENCE" NUMBER, 
	"CREATED_ON" DATE, 
	"CREATED_BY" VARCHAR2(255 BYTE), 
	"UPDATED_ON" DATE, 
	"UPDATED_BY" VARCHAR2(255 BYTE)
   ) SEGMENT CREATION IMMEDIATE 
  PCTFREE 10 PCTUSED 40 INITRANS 1 MAXTRANS 255 NOCOMPRESS LOGGING
  STORAGE(INITIAL 65536 NEXT 1048576 MINEXTENTS 1 MAXEXTENTS 2147483645
  PCTINCREASE 0 FREELISTS 1 FREELIST GROUPS 1 BUFFER_POOL DEFAULT FLASH_CACHE DEFAULT CELL_FLASH_CACHE DEFAULT)
  TABLESPACE "APEX_4876023932912102" ;
--------------------------------------------------------
--  DDL for Table APEX$_WS_NOTES
--------------------------------------------------------

  CREATE TABLE "PROINT1"."APEX$_WS_NOTES" 
   (	"ID" NUMBER, 
	"WS_APP_ID" NUMBER, 
	"DATA_GRID_ID" NUMBER, 
	"ROW_ID" NUMBER, 
	"WEBPAGE_ID" NUMBER, 
	"COMPONENT_LEVEL" VARCHAR2(30 BYTE), 
	"CONTENT" CLOB, 
	"CREATED_ON" DATE, 
	"CREATED_BY" VARCHAR2(255 BYTE), 
	"UPDATED_ON" DATE, 
	"UPDATED_BY" VARCHAR2(255 BYTE)
   ) SEGMENT CREATION IMMEDIATE 
  PCTFREE 10 PCTUSED 40 INITRANS 1 MAXTRANS 255 NOCOMPRESS LOGGING
  STORAGE(INITIAL 65536 NEXT 1048576 MINEXTENTS 1 MAXEXTENTS 2147483645
  PCTINCREASE 0 FREELISTS 1 FREELIST GROUPS 1 BUFFER_POOL DEFAULT FLASH_CACHE DEFAULT CELL_FLASH_CACHE DEFAULT)
  TABLESPACE "APEX_4876023932912102" 
 LOB ("CONTENT") STORE AS BASICFILE (
  TABLESPACE "APEX_4876023932912102" ENABLE STORAGE IN ROW CHUNK 8192 RETENTION 
  NOCACHE LOGGING 
  STORAGE(INITIAL 65536 NEXT 1048576 MINEXTENTS 1 MAXEXTENTS 2147483645
  PCTINCREASE 0 FREELISTS 1 FREELIST GROUPS 1 BUFFER_POOL DEFAULT FLASH_CACHE DEFAULT CELL_FLASH_CACHE DEFAULT)) ;
--------------------------------------------------------
--  DDL for Table APEX$_WS_ROWS
--------------------------------------------------------

  CREATE TABLE "PROINT1"."APEX$_WS_ROWS" 
   (	"ID" NUMBER, 
	"WS_APP_ID" NUMBER, 
	"DATA_GRID_ID" NUMBER, 
	"UNIQUE_VALUE" VARCHAR2(255 BYTE), 
	"TAGS" VARCHAR2(4000 BYTE), 
	"PARENT_ROW_ID" NUMBER, 
	"OWNER" VARCHAR2(255 BYTE), 
	"GEOCODE" VARCHAR2(512 BYTE), 
	"LOAD_ORDER" NUMBER, 
	"CHANGE_COUNT" NUMBER, 
	"CREATED_ON" DATE, 
	"CREATED_BY" VARCHAR2(255 BYTE), 
	"UPDATED_ON" DATE, 
	"UPDATED_BY" VARCHAR2(255 BYTE), 
	"C001" VARCHAR2(4000 BYTE), 
	"C002" VARCHAR2(4000 BYTE), 
	"C003" VARCHAR2(4000 BYTE), 
	"C004" VARCHAR2(4000 BYTE), 
	"C005" VARCHAR2(4000 BYTE), 
	"C006" VARCHAR2(4000 BYTE), 
	"C007" VARCHAR2(4000 BYTE), 
	"C008" VARCHAR2(4000 BYTE), 
	"C009" VARCHAR2(4000 BYTE), 
	"C010" VARCHAR2(4000 BYTE), 
	"C011" VARCHAR2(4000 BYTE), 
	"C012" VARCHAR2(4000 BYTE), 
	"C013" VARCHAR2(4000 BYTE), 
	"C014" VARCHAR2(4000 BYTE), 
	"C015" VARCHAR2(4000 BYTE), 
	"C016" VARCHAR2(4000 BYTE), 
	"C017" VARCHAR2(4000 BYTE), 
	"C018" VARCHAR2(4000 BYTE), 
	"C019" VARCHAR2(4000 BYTE), 
	"C020" VARCHAR2(4000 BYTE), 
	"C021" VARCHAR2(4000 BYTE), 
	"C022" VARCHAR2(4000 BYTE), 
	"C023" VARCHAR2(4000 BYTE), 
	"C024" VARCHAR2(4000 BYTE), 
	"C025" VARCHAR2(4000 BYTE), 
	"C026" VARCHAR2(4000 BYTE), 
	"C027" VARCHAR2(4000 BYTE), 
	"C028" VARCHAR2(4000 BYTE), 
	"C029" VARCHAR2(4000 BYTE), 
	"C030" VARCHAR2(4000 BYTE), 
	"C031" VARCHAR2(4000 BYTE), 
	"C032" VARCHAR2(4000 BYTE), 
	"C033" VARCHAR2(4000 BYTE), 
	"C034" VARCHAR2(4000 BYTE), 
	"C035" VARCHAR2(4000 BYTE), 
	"C036" VARCHAR2(4000 BYTE), 
	"C037" VARCHAR2(4000 BYTE), 
	"C038" VARCHAR2(4000 BYTE), 
	"C039" VARCHAR2(4000 BYTE), 
	"C040" VARCHAR2(4000 BYTE), 
	"C041" VARCHAR2(4000 BYTE), 
	"C042" VARCHAR2(4000 BYTE), 
	"C043" VARCHAR2(4000 BYTE), 
	"C044" VARCHAR2(4000 BYTE), 
	"C045" VARCHAR2(4000 BYTE), 
	"C046" VARCHAR2(4000 BYTE), 
	"C047" VARCHAR2(4000 BYTE), 
	"C048" VARCHAR2(4000 BYTE), 
	"C049" VARCHAR2(4000 BYTE), 
	"C050" VARCHAR2(4000 BYTE), 
	"N001" NUMBER, 
	"N002" NUMBER, 
	"N003" NUMBER, 
	"N004" NUMBER, 
	"N005" NUMBER, 
	"N006" NUMBER, 
	"N007" NUMBER, 
	"N008" NUMBER, 
	"N009" NUMBER, 
	"N010" NUMBER, 
	"N011" NUMBER, 
	"N012" NUMBER, 
	"N013" NUMBER, 
	"N014" NUMBER, 
	"N015" NUMBER, 
	"N016" NUMBER, 
	"N017" NUMBER, 
	"N018" NUMBER, 
	"N019" NUMBER, 
	"N020" NUMBER, 
	"N021" NUMBER, 
	"N022" NUMBER, 
	"N023" NUMBER, 
	"N024" NUMBER, 
	"N025" NUMBER, 
	"N026" NUMBER, 
	"N027" NUMBER, 
	"N028" NUMBER, 
	"N029" NUMBER, 
	"N030" NUMBER, 
	"N031" NUMBER, 
	"N032" NUMBER, 
	"N033" NUMBER, 
	"N034" NUMBER, 
	"N035" NUMBER, 
	"N036" NUMBER, 
	"N037" NUMBER, 
	"N038" NUMBER, 
	"N039" NUMBER, 
	"N040" NUMBER, 
	"N041" NUMBER, 
	"N042" NUMBER, 
	"N043" NUMBER, 
	"N044" NUMBER, 
	"N045" NUMBER, 
	"N046" NUMBER, 
	"N047" NUMBER, 
	"N048" NUMBER, 
	"N049" NUMBER, 
	"N050" NUMBER, 
	"D001" DATE, 
	"D002" DATE, 
	"D003" DATE, 
	"D004" DATE, 
	"D005" DATE, 
	"D006" DATE, 
	"D007" DATE, 
	"D008" DATE, 
	"D009" DATE, 
	"D010" DATE, 
	"D011" DATE, 
	"D012" DATE, 
	"D013" DATE, 
	"D014" DATE, 
	"D015" DATE, 
	"D016" DATE, 
	"D017" DATE, 
	"D018" DATE, 
	"D019" DATE, 
	"D020" DATE, 
	"D021" DATE, 
	"D022" DATE, 
	"D023" DATE, 
	"D024" DATE, 
	"D025" DATE, 
	"D026" DATE, 
	"D027" DATE, 
	"D028" DATE, 
	"D029" DATE, 
	"D030" DATE, 
	"D031" DATE, 
	"D032" DATE, 
	"D033" DATE, 
	"D034" DATE, 
	"D035" DATE, 
	"D036" DATE, 
	"D037" DATE, 
	"D038" DATE, 
	"D039" DATE, 
	"D040" DATE, 
	"D041" DATE, 
	"D042" DATE, 
	"D043" DATE, 
	"D044" DATE, 
	"D045" DATE, 
	"D046" DATE, 
	"D047" DATE, 
	"D048" DATE, 
	"D049" DATE, 
	"D050" DATE, 
	"CLOB001" CLOB, 
	"SEARCH_CLOB" CLOB
   ) SEGMENT CREATION IMMEDIATE 
  PCTFREE 10 PCTUSED 40 INITRANS 1 MAXTRANS 255 NOCOMPRESS LOGGING
  STORAGE(INITIAL 65536 NEXT 1048576 MINEXTENTS 1 MAXEXTENTS 2147483645
  PCTINCREASE 0 FREELISTS 1 FREELIST GROUPS 1 BUFFER_POOL DEFAULT FLASH_CACHE DEFAULT CELL_FLASH_CACHE DEFAULT)
  TABLESPACE "APEX_4876023932912102" 
 LOB ("CLOB001") STORE AS BASICFILE (
  TABLESPACE "APEX_4876023932912102" ENABLE STORAGE IN ROW CHUNK 8192 RETENTION 
  NOCACHE LOGGING 
  STORAGE(INITIAL 65536 NEXT 1048576 MINEXTENTS 1 MAXEXTENTS 2147483645
  PCTINCREASE 0 FREELISTS 1 FREELIST GROUPS 1 BUFFER_POOL DEFAULT FLASH_CACHE DEFAULT CELL_FLASH_CACHE DEFAULT)) 
 LOB ("SEARCH_CLOB") STORE AS BASICFILE (
  TABLESPACE "APEX_4876023932912102" ENABLE STORAGE IN ROW CHUNK 8192 RETENTION 
  NOCACHE LOGGING 
  STORAGE(INITIAL 65536 NEXT 1048576 MINEXTENTS 1 MAXEXTENTS 2147483645
  PCTINCREASE 0 FREELISTS 1 FREELIST GROUPS 1 BUFFER_POOL DEFAULT FLASH_CACHE DEFAULT CELL_FLASH_CACHE DEFAULT)) ;
--------------------------------------------------------
--  DDL for Table APEX$_WS_TAGS
--------------------------------------------------------

  CREATE TABLE "PROINT1"."APEX$_WS_TAGS" 
   (	"ID" NUMBER, 
	"WS_APP_ID" NUMBER, 
	"DATA_GRID_ID" NUMBER, 
	"ROW_ID" NUMBER, 
	"WEBPAGE_ID" NUMBER, 
	"COMPONENT_LEVEL" VARCHAR2(30 BYTE), 
	"TAG" VARCHAR2(4000 BYTE), 
	"CREATED_ON" DATE, 
	"CREATED_BY" VARCHAR2(255 BYTE), 
	"UPDATED_ON" DATE, 
	"UPDATED_BY" VARCHAR2(255 BYTE)
   ) SEGMENT CREATION IMMEDIATE 
  PCTFREE 10 PCTUSED 40 INITRANS 1 MAXTRANS 255 NOCOMPRESS LOGGING
  STORAGE(INITIAL 65536 NEXT 1048576 MINEXTENTS 1 MAXEXTENTS 2147483645
  PCTINCREASE 0 FREELISTS 1 FREELIST GROUPS 1 BUFFER_POOL DEFAULT FLASH_CACHE DEFAULT CELL_FLASH_CACHE DEFAULT)
  TABLESPACE "APEX_4876023932912102" ;
--------------------------------------------------------
--  DDL for Table APEX$_WS_WEBPG_SECTION_HISTORY
--------------------------------------------------------

  CREATE TABLE "PROINT1"."APEX$_WS_WEBPG_SECTION_HISTORY" 
   (	"SECTION_ID" NUMBER, 
	"WS_APP_ID" NUMBER, 
	"WEBPAGE_ID" NUMBER, 
	"OLD_DISPLAY_SEQUENCE" NUMBER, 
	"NEW_DISPLAY_SEQUENCE" NUMBER, 
	"OLD_TITLE" VARCHAR2(4000 BYTE), 
	"NEW_TITLE" VARCHAR2(4000 BYTE), 
	"OLD_CONTENT" CLOB, 
	"NEW_CONTENT" CLOB, 
	"APPLICATION_USER_ID" VARCHAR2(255 BYTE), 
	"CHANGE_DATE" DATE
   ) SEGMENT CREATION IMMEDIATE 
  PCTFREE 10 PCTUSED 40 INITRANS 1 MAXTRANS 255 NOCOMPRESS LOGGING
  STORAGE(INITIAL 65536 NEXT 1048576 MINEXTENTS 1 MAXEXTENTS 2147483645
  PCTINCREASE 0 FREELISTS 1 FREELIST GROUPS 1 BUFFER_POOL DEFAULT FLASH_CACHE DEFAULT CELL_FLASH_CACHE DEFAULT)
  TABLESPACE "APEX_4876023932912102" 
 LOB ("OLD_CONTENT") STORE AS BASICFILE (
  TABLESPACE "APEX_4876023932912102" ENABLE STORAGE IN ROW CHUNK 8192 RETENTION 
  NOCACHE LOGGING 
  STORAGE(INITIAL 65536 NEXT 1048576 MINEXTENTS 1 MAXEXTENTS 2147483645
  PCTINCREASE 0 FREELISTS 1 FREELIST GROUPS 1 BUFFER_POOL DEFAULT FLASH_CACHE DEFAULT CELL_FLASH_CACHE DEFAULT)) 
 LOB ("NEW_CONTENT") STORE AS BASICFILE (
  TABLESPACE "APEX_4876023932912102" ENABLE STORAGE IN ROW CHUNK 8192 RETENTION 
  NOCACHE LOGGING 
  STORAGE(INITIAL 65536 NEXT 1048576 MINEXTENTS 1 MAXEXTENTS 2147483645
  PCTINCREASE 0 FREELISTS 1 FREELIST GROUPS 1 BUFFER_POOL DEFAULT FLASH_CACHE DEFAULT CELL_FLASH_CACHE DEFAULT)) ;
--------------------------------------------------------
--  DDL for Table APEX$_WS_WEBPG_SECTIONS
--------------------------------------------------------

  CREATE TABLE "PROINT1"."APEX$_WS_WEBPG_SECTIONS" 
   (	"ID" NUMBER, 
	"WS_APP_ID" NUMBER, 
	"WEBPAGE_ID" NUMBER, 
	"DISPLAY_SEQUENCE" NUMBER, 
	"SECTION_TYPE" VARCHAR2(30 BYTE), 
	"TITLE" VARCHAR2(4000 BYTE), 
	"CONTENT" CLOB, 
	"CONTENT_UPPER" CLOB, 
	"NAV_START_WEBPAGE_ID" NUMBER, 
	"NAV_MAX_LEVEL" NUMBER, 
	"NAV_INCLUDE_LINK" VARCHAR2(1 BYTE), 
	"DATA_GRID_ID" NUMBER, 
	"REPORT_ID" NUMBER, 
	"DATA_SECTION_STYLE" NUMBER, 
	"CHART_TYPE" VARCHAR2(255 BYTE), 
	"CHART_3D" VARCHAR2(1 BYTE), 
	"CHART_LABEL" VARCHAR2(255 BYTE), 
	"LABEL_AXIS_TITLE" VARCHAR2(255 BYTE), 
	"CHART_VALUE" VARCHAR2(255 BYTE), 
	"VALUE_AXIS_TITLE" VARCHAR2(255 BYTE), 
	"CHART_AGGREGATE" VARCHAR2(255 BYTE), 
	"CHART_SORTING" VARCHAR2(255 BYTE), 
	"CREATED_ON" DATE, 
	"CREATED_BY" VARCHAR2(255 BYTE), 
	"UPDATED_ON" DATE, 
	"UPDATED_BY" VARCHAR2(255 BYTE)
   ) SEGMENT CREATION IMMEDIATE 
  PCTFREE 10 PCTUSED 40 INITRANS 1 MAXTRANS 255 NOCOMPRESS LOGGING
  STORAGE(INITIAL 65536 NEXT 1048576 MINEXTENTS 1 MAXEXTENTS 2147483645
  PCTINCREASE 0 FREELISTS 1 FREELIST GROUPS 1 BUFFER_POOL DEFAULT FLASH_CACHE DEFAULT CELL_FLASH_CACHE DEFAULT)
  TABLESPACE "APEX_4876023932912102" 
 LOB ("CONTENT") STORE AS BASICFILE (
  TABLESPACE "APEX_4876023932912102" ENABLE STORAGE IN ROW CHUNK 8192 RETENTION 
  NOCACHE LOGGING 
  STORAGE(INITIAL 65536 NEXT 1048576 MINEXTENTS 1 MAXEXTENTS 2147483645
  PCTINCREASE 0 FREELISTS 1 FREELIST GROUPS 1 BUFFER_POOL DEFAULT FLASH_CACHE DEFAULT CELL_FLASH_CACHE DEFAULT)) 
 LOB ("CONTENT_UPPER") STORE AS BASICFILE (
  TABLESPACE "APEX_4876023932912102" ENABLE STORAGE IN ROW CHUNK 8192 RETENTION 
  NOCACHE LOGGING 
  STORAGE(INITIAL 65536 NEXT 1048576 MINEXTENTS 1 MAXEXTENTS 2147483645
  PCTINCREASE 0 FREELISTS 1 FREELIST GROUPS 1 BUFFER_POOL DEFAULT FLASH_CACHE DEFAULT CELL_FLASH_CACHE DEFAULT)) ;
--------------------------------------------------------
--  DDL for Table TB_ACT_DOCENTEXGRUPO
--------------------------------------------------------

  CREATE TABLE "PROINT1"."TB_ACT_DOCENTEXGRUPO" 
   (	"NB_DOG_IDN" NUMBER(10,0), 
	"NB_DOG_TIEMPOTOTAL" NUMBER(14,4), 
	"NB_DOC_IDN" NUMBER(10,0), 
	"NB_GPO_IDN" NUMBER(10,0), 
	"VR_ADTUSUARIO" VARCHAR2(32 BYTE), 
	"DT_ADTFECHA" DATE
   ) SEGMENT CREATION IMMEDIATE 
  PCTFREE 10 PCTUSED 40 INITRANS 1 MAXTRANS 255 NOCOMPRESS LOGGING
  STORAGE(INITIAL 65536 NEXT 1048576 MINEXTENTS 1 MAXEXTENTS 2147483645
  PCTINCREASE 0 FREELISTS 1 FREELIST GROUPS 1 BUFFER_POOL DEFAULT FLASH_CACHE DEFAULT CELL_FLASH_CACHE DEFAULT)
  TABLESPACE "APEX_4876023932912102" ;
--------------------------------------------------------
--  DDL for Table TB_ACT_REPORTEACTIVIDAD
--------------------------------------------------------

  CREATE TABLE "PROINT1"."TB_ACT_REPORTEACTIVIDAD" 
   (	"NB_RAC_IDN" NUMBER(10,0), 
	"NB_TAC_IDN" NUMBER(10,0), 
	"NB_DOG_IDN" NUMBER(10,0), 
	"DT_RAC_FECHA" DATE, 
	"VR_RAC_DESCRIPCION" VARCHAR2(500 BYTE), 
	"NB_RAC_TIEMPO" NUMBER(14,4), 
	"VR_ADTUSUARIO" VARCHAR2(32 BYTE), 
	"DT_ADTFECHA" DATE
   ) SEGMENT CREATION IMMEDIATE 
  PCTFREE 10 PCTUSED 40 INITRANS 1 MAXTRANS 255 NOCOMPRESS LOGGING
  STORAGE(INITIAL 65536 NEXT 1048576 MINEXTENTS 1 MAXEXTENTS 2147483645
  PCTINCREASE 0 FREELISTS 1 FREELIST GROUPS 1 BUFFER_POOL DEFAULT FLASH_CACHE DEFAULT CELL_FLASH_CACHE DEFAULT)
  TABLESPACE "APEX_4876023932912102" ;
--------------------------------------------------------
--  DDL for Table TB_ACT_TIPO_ACTIVIDAD
--------------------------------------------------------

  CREATE TABLE "PROINT1"."TB_ACT_TIPO_ACTIVIDAD" 
   (	"NB_TAC_IDN" NUMBER(10,0), 
	"VR_TAC_NOMBRE" NVARCHAR2(50), 
	"VR_TAC_DESCRIPCION" VARCHAR2(255 BYTE)
   ) SEGMENT CREATION IMMEDIATE 
  PCTFREE 10 PCTUSED 40 INITRANS 1 MAXTRANS 255 NOCOMPRESS LOGGING
  STORAGE(INITIAL 65536 NEXT 1048576 MINEXTENTS 1 MAXEXTENTS 2147483645
  PCTINCREASE 0 FREELISTS 1 FREELIST GROUPS 1 BUFFER_POOL DEFAULT FLASH_CACHE DEFAULT CELL_FLASH_CACHE DEFAULT)
  TABLESPACE "APEX_4876023932912102" ;
--------------------------------------------------------
--  DDL for Table TB_ADM_CURSO
--------------------------------------------------------

  CREATE TABLE "PROINT1"."TB_ADM_CURSO" 
   (	"NB_CUR_IDN" NUMBER(10,0), 
	"VR_CUR_ID" VARCHAR2(10 BYTE), 
	"VR_CUR_NOMBRE" VARCHAR2(50 BYTE), 
	"VR_ADTUSUARIO" VARCHAR2(32 BYTE), 
	"DT_ADTFECHA" DATE, 
	"BN_DEP_IDN" NUMBER(10,0)
   ) SEGMENT CREATION IMMEDIATE 
  PCTFREE 10 PCTUSED 40 INITRANS 1 MAXTRANS 255 NOCOMPRESS LOGGING
  STORAGE(INITIAL 65536 NEXT 1048576 MINEXTENTS 1 MAXEXTENTS 2147483645
  PCTINCREASE 0 FREELISTS 1 FREELIST GROUPS 1 BUFFER_POOL DEFAULT FLASH_CACHE DEFAULT CELL_FLASH_CACHE DEFAULT)
  TABLESPACE "APEX_4876023932912102" ;
--------------------------------------------------------
--  DDL for Table TB_ADM_DEPENDENCIA_ACADEMICA
--------------------------------------------------------

  CREATE TABLE "PROINT1"."TB_ADM_DEPENDENCIA_ACADEMICA" 
   (	"NB_DEP_IDN" NUMBER(10,0), 
	"VR_DEP_NOMBRE" VARCHAR2(100 BYTE), 
	"NB_DEPPADRE_IDN" NUMBER(10,0), 
	"NB_UNI_IDN" NUMBER(10,0), 
	"VR_TDP_CODIGO" VARCHAR2(4 BYTE)
   ) SEGMENT CREATION IMMEDIATE 
  PCTFREE 10 PCTUSED 40 INITRANS 1 MAXTRANS 255 NOCOMPRESS LOGGING
  STORAGE(INITIAL 65536 NEXT 1048576 MINEXTENTS 1 MAXEXTENTS 2147483645
  PCTINCREASE 0 FREELISTS 1 FREELIST GROUPS 1 BUFFER_POOL DEFAULT FLASH_CACHE DEFAULT CELL_FLASH_CACHE DEFAULT)
  TABLESPACE "APEX_4876023932912102" ;
--------------------------------------------------------
--  DDL for Table TB_ADM_DOCENTE
--------------------------------------------------------

  CREATE TABLE "PROINT1"."TB_ADM_DOCENTE" 
   (	"NB_DOC_IDN" NUMBER(10,0), 
	"NB_PER_IDN" NUMBER(10,0), 
	"VR_DOC_IDENTIFICACION" VARCHAR2(12 BYTE), 
	"VR_DOC_NOMBRES" VARCHAR2(255 BYTE), 
	"VR_DOC_CELULAR" VARCHAR2(50 BYTE), 
	"VR_DOC_EMAIL" VARCHAR2(100 BYTE), 
	"VR_ADTUSUARIO" VARCHAR2(32 BYTE), 
	"DT_ADTFECHA" DATE
   ) SEGMENT CREATION IMMEDIATE 
  PCTFREE 10 PCTUSED 40 INITRANS 1 MAXTRANS 255 NOCOMPRESS LOGGING
  STORAGE(INITIAL 65536 NEXT 1048576 MINEXTENTS 1 MAXEXTENTS 2147483645
  PCTINCREASE 0 FREELISTS 1 FREELIST GROUPS 1 BUFFER_POOL DEFAULT FLASH_CACHE DEFAULT CELL_FLASH_CACHE DEFAULT)
  TABLESPACE "APEX_4876023932912102" ;
--------------------------------------------------------
--  DDL for Table TB_ADM_DOCENTESXDEPENDENCIA
--------------------------------------------------------

  CREATE TABLE "PROINT1"."TB_ADM_DOCENTESXDEPENDENCIA" 
   (	"NB_DPD_IDN" NUMBER(10,0), 
	"NB_DOC_IDN" NUMBER(10,0), 
	"NB_DEP_IDN" NUMBER(10,0), 
	"VR_DPD_TIPOVINCULACION" VARCHAR2(50 BYTE)
   ) SEGMENT CREATION IMMEDIATE 
  PCTFREE 10 PCTUSED 40 INITRANS 1 MAXTRANS 255 NOCOMPRESS LOGGING
  STORAGE(INITIAL 65536 NEXT 1048576 MINEXTENTS 1 MAXEXTENTS 2147483645
  PCTINCREASE 0 FREELISTS 1 FREELIST GROUPS 1 BUFFER_POOL DEFAULT FLASH_CACHE DEFAULT CELL_FLASH_CACHE DEFAULT)
  TABLESPACE "APEX_4876023932912102" ;
--------------------------------------------------------
--  DDL for Table TB_ADM_ESTADO_SEMESTRE
--------------------------------------------------------

  CREATE TABLE "PROINT1"."TB_ADM_ESTADO_SEMESTRE" 
   (	"VR_ESM_CODIGO" VARCHAR2(5 BYTE), 
	"VR_ESM_DESCRIPCION" VARCHAR2(20 BYTE)
   ) SEGMENT CREATION IMMEDIATE 
  PCTFREE 10 PCTUSED 40 INITRANS 1 MAXTRANS 255 NOCOMPRESS LOGGING
  STORAGE(INITIAL 65536 NEXT 1048576 MINEXTENTS 1 MAXEXTENTS 2147483645
  PCTINCREASE 0 FREELISTS 1 FREELIST GROUPS 1 BUFFER_POOL DEFAULT FLASH_CACHE DEFAULT CELL_FLASH_CACHE DEFAULT)
  TABLESPACE "APEX_4876023932912102" ;
--------------------------------------------------------
--  DDL for Table TB_ADM_ESTUDIANTE
--------------------------------------------------------

  CREATE TABLE "PROINT1"."TB_ADM_ESTUDIANTE" 
   (	"NB_EST_IDN" NUMBER(10,0), 
	"NB_PER_IDN" NUMBER(10,0), 
	"VR_CODIGOINTERNNO" VARCHAR2(10 CHAR)
   ) SEGMENT CREATION IMMEDIATE 
  PCTFREE 10 PCTUSED 40 INITRANS 1 MAXTRANS 255 NOCOMPRESS LOGGING
  STORAGE(INITIAL 65536 NEXT 1048576 MINEXTENTS 1 MAXEXTENTS 2147483645
  PCTINCREASE 0 FREELISTS 1 FREELIST GROUPS 1 BUFFER_POOL DEFAULT FLASH_CACHE DEFAULT CELL_FLASH_CACHE DEFAULT)
  TABLESPACE "APEX_4876023932912102" ;
--------------------------------------------------------
--  DDL for Table TB_ADM_GRUPO
--------------------------------------------------------

  CREATE TABLE "PROINT1"."TB_ADM_GRUPO" 
   (	"NB_GPO_IDN" NUMBER(10,0), 
	"VR_GPO_NUMERO" VARCHAR2(3 CHAR), 
	"VR_GPO_HORARIO" VARCHAR2(50 BYTE), 
	"VR_ADTUSUARIO" VARCHAR2(32 BYTE), 
	"DT_ADTFECHA" DATE
   ) SEGMENT CREATION IMMEDIATE 
  PCTFREE 10 PCTUSED 40 INITRANS 1 MAXTRANS 255 NOCOMPRESS LOGGING
  STORAGE(INITIAL 65536 NEXT 1048576 MINEXTENTS 1 MAXEXTENTS 2147483645
  PCTINCREASE 0 FREELISTS 1 FREELIST GROUPS 1 BUFFER_POOL DEFAULT FLASH_CACHE DEFAULT CELL_FLASH_CACHE DEFAULT)
  TABLESPACE "APEX_4876023932912102" ;
--------------------------------------------------------
--  DDL for Table TB_ADM_MATRICULA
--------------------------------------------------------

  CREATE TABLE "PROINT1"."TB_ADM_MATRICULA" 
   (	"NB_MAT_IDN" NUMBER(10,0), 
	"NB_GRU_IDN" NUMBER(10,0), 
	"NB_EST_IDN" NUMBER(10,0), 
	"NB_DEP_IDN" NUMBER(10,0), 
	"NB_SEM_IDN" NUMBER(10,0)
   ) SEGMENT CREATION IMMEDIATE 
  PCTFREE 10 PCTUSED 40 INITRANS 1 MAXTRANS 255 NOCOMPRESS LOGGING
  STORAGE(INITIAL 65536 NEXT 1048576 MINEXTENTS 1 MAXEXTENTS 2147483645
  PCTINCREASE 0 FREELISTS 1 FREELIST GROUPS 1 BUFFER_POOL DEFAULT FLASH_CACHE DEFAULT CELL_FLASH_CACHE DEFAULT)
  TABLESPACE "APEX_4876023932912102" ;
--------------------------------------------------------
--  DDL for Table TB_ADM_MODALIDAD_CURSO
--------------------------------------------------------

  CREATE TABLE "PROINT1"."TB_ADM_MODALIDAD_CURSO" 
   (	"BN_MCU_IDN" NUMBER(10,0), 
	"VR_MCU_CODIGO" VARCHAR2(5 BYTE), 
	"VR_MCU_DESCRIPCION" VARCHAR2(50 BYTE)
   ) SEGMENT CREATION IMMEDIATE 
  PCTFREE 10 PCTUSED 40 INITRANS 1 MAXTRANS 255 NOCOMPRESS LOGGING
  STORAGE(INITIAL 65536 NEXT 1048576 MINEXTENTS 1 MAXEXTENTS 2147483645
  PCTINCREASE 0 FREELISTS 1 FREELIST GROUPS 1 BUFFER_POOL DEFAULT FLASH_CACHE DEFAULT CELL_FLASH_CACHE DEFAULT)
  TABLESPACE "APEX_4876023932912102" ;
--------------------------------------------------------
--  DDL for Table TB_ADM_PAISES
--------------------------------------------------------

  CREATE TABLE "PROINT1"."TB_ADM_PAISES" 
   (	"NB_IDN" NUMBER(10,0), 
	"VR_DESCRIPCION" VARCHAR2(20 CHAR), 
	"VR_CODIGO" VARCHAR2(10 CHAR), 
	"VR_ADTUSUARIO" VARCHAR2(10 BYTE), 
	"DT_ADTFECHA" DATE
   ) SEGMENT CREATION IMMEDIATE 
  PCTFREE 10 PCTUSED 40 INITRANS 1 MAXTRANS 255 NOCOMPRESS LOGGING
  STORAGE(INITIAL 65536 NEXT 1048576 MINEXTENTS 1 MAXEXTENTS 2147483645
  PCTINCREASE 0 FREELISTS 1 FREELIST GROUPS 1 BUFFER_POOL DEFAULT FLASH_CACHE DEFAULT CELL_FLASH_CACHE DEFAULT)
  TABLESPACE "APEX_4876023932912102" ;
--------------------------------------------------------
--  DDL for Table TB_ADM_PERMISOSXROL
--------------------------------------------------------

  CREATE TABLE "PROINT1"."TB_ADM_PERMISOSXROL" 
   (	"NB_PXR_IDN" NUMBER(10,0), 
	"NB_REC_IDN" NUMBER(10,0), 
	"NB_ROL_IDN" NUMBER, 
	"NB_PXR_ACTIVO" CHAR(1 BYTE), 
	"NB_PXR_AGREGAR" CHAR(1 BYTE), 
	"BN_PXR_ELIMINAR" CHAR(1 BYTE), 
	"BN_PXR_ACTUALIZAR" CHAR(1 BYTE)
   ) SEGMENT CREATION IMMEDIATE 
  PCTFREE 10 PCTUSED 40 INITRANS 1 MAXTRANS 255 NOCOMPRESS LOGGING
  STORAGE(INITIAL 65536 NEXT 1048576 MINEXTENTS 1 MAXEXTENTS 2147483645
  PCTINCREASE 0 FREELISTS 1 FREELIST GROUPS 1 BUFFER_POOL DEFAULT FLASH_CACHE DEFAULT CELL_FLASH_CACHE DEFAULT)
  TABLESPACE "APEX_4876023932912102" ;
--------------------------------------------------------
--  DDL for Table TB_ADM_PERSONA
--------------------------------------------------------

  CREATE TABLE "PROINT1"."TB_ADM_PERSONA" 
   (	"NB_IDN" NUMBER(10,0), 
	"VR_NOMBRES" VARCHAR2(50 CHAR), 
	"VR_APELLIDOS" VARCHAR2(50 BYTE), 
	"NB_TIPOIDENTIFICACION_IDN" NUMBER(10,0), 
	"VR_IDENTIFICACION" VARCHAR2(12 CHAR), 
	"VR_DIRECCION" VARCHAR2(20 CHAR), 
	"VR_TELEFONO" VARCHAR2(20 CHAR), 
	"VR_EMAIL" VARCHAR2(60 CHAR), 
	"VR_ADTUSUARIO" VARCHAR2(20 CHAR), 
	"DT_ADTFECHA" DATE
   ) SEGMENT CREATION IMMEDIATE 
  PCTFREE 10 PCTUSED 40 INITRANS 1 MAXTRANS 255 NOCOMPRESS LOGGING
  STORAGE(INITIAL 65536 NEXT 1048576 MINEXTENTS 1 MAXEXTENTS 2147483645
  PCTINCREASE 0 FREELISTS 1 FREELIST GROUPS 1 BUFFER_POOL DEFAULT FLASH_CACHE DEFAULT CELL_FLASH_CACHE DEFAULT)
  TABLESPACE "APEX_4876023932912102" ;
--------------------------------------------------------
--  DDL for Table TB_ADM_PROPIEDADES
--------------------------------------------------------

  CREATE TABLE "PROINT1"."TB_ADM_PROPIEDADES" 
   (	"NB_PRP_IDN" NUMBER(10,0), 
	"VR_PRP_CODIGO" VARCHAR2(50 BYTE), 
	"VR_PRP_VALOR" VARCHAR2(255 BYTE), 
	"NB_DEP_IDN" NUMBER(10,0)
   ) SEGMENT CREATION IMMEDIATE 
  PCTFREE 10 PCTUSED 40 INITRANS 1 MAXTRANS 255 NOCOMPRESS LOGGING
  STORAGE(INITIAL 65536 NEXT 1048576 MINEXTENTS 1 MAXEXTENTS 2147483645
  PCTINCREASE 0 FREELISTS 1 FREELIST GROUPS 1 BUFFER_POOL DEFAULT FLASH_CACHE DEFAULT CELL_FLASH_CACHE DEFAULT)
  TABLESPACE "APEX_4876023932912102" ;
--------------------------------------------------------
--  DDL for Table TB_ADM_RECURSO
--------------------------------------------------------

  CREATE TABLE "PROINT1"."TB_ADM_RECURSO" 
   (	"NB_REC_IDN" NUMBER(10,0), 
	"VR_REC_NOMBRE" VARCHAR2(100 BYTE), 
	"VR_REC_TIPO" VARCHAR2(10 CHAR), 
	"NB_REC_RECPADRE" NUMBER(10,0)
   ) SEGMENT CREATION IMMEDIATE 
  PCTFREE 10 PCTUSED 40 INITRANS 1 MAXTRANS 255 NOCOMPRESS LOGGING
  STORAGE(INITIAL 65536 NEXT 1048576 MINEXTENTS 1 MAXEXTENTS 2147483645
  PCTINCREASE 0 FREELISTS 1 FREELIST GROUPS 1 BUFFER_POOL DEFAULT FLASH_CACHE DEFAULT CELL_FLASH_CACHE DEFAULT)
  TABLESPACE "APEX_4876023932912102" ;
--------------------------------------------------------
--  DDL for Table TB_ADM_ROL
--------------------------------------------------------

  CREATE TABLE "PROINT1"."TB_ADM_ROL" 
   (	"NB_ROL_IDN" NUMBER, 
	"VR_ROL_NOMBRE" VARCHAR2(50 CHAR)
   ) SEGMENT CREATION IMMEDIATE 
  PCTFREE 10 PCTUSED 40 INITRANS 1 MAXTRANS 255 NOCOMPRESS LOGGING
  STORAGE(INITIAL 65536 NEXT 1048576 MINEXTENTS 1 MAXEXTENTS 2147483645
  PCTINCREASE 0 FREELISTS 1 FREELIST GROUPS 1 BUFFER_POOL DEFAULT FLASH_CACHE DEFAULT CELL_FLASH_CACHE DEFAULT)
  TABLESPACE "APEX_4876023932912102" ;
--------------------------------------------------------
--  DDL for Table TB_ADM_SEMESTRE
--------------------------------------------------------

  CREATE TABLE "PROINT1"."TB_ADM_SEMESTRE" 
   (	"NB_SEM_IDN" NUMBER(10,0), 
	"NB_SEM_AGNO" NUMBER(4,0), 
	"NB_SEM_PERIODO" NUMBER(1,0), 
	"VR_ESM_CODIGO" VARCHAR2(5 BYTE), 
	"NB_DEP_IDN" NUMBER(10,0), 
	"DT_ADTFECHA" DATE, 
	"VR_ADTUSUARIO" VARCHAR2(32 BYTE)
   ) SEGMENT CREATION IMMEDIATE 
  PCTFREE 10 PCTUSED 40 INITRANS 1 MAXTRANS 255 NOCOMPRESS LOGGING
  STORAGE(INITIAL 65536 NEXT 1048576 MINEXTENTS 1 MAXEXTENTS 2147483645
  PCTINCREASE 0 FREELISTS 1 FREELIST GROUPS 1 BUFFER_POOL DEFAULT FLASH_CACHE DEFAULT CELL_FLASH_CACHE DEFAULT)
  TABLESPACE "APEX_4876023932912102" ;
--------------------------------------------------------
--  DDL for Table TB_ADM_SEMESTREXCURSO
--------------------------------------------------------

  CREATE TABLE "PROINT1"."TB_ADM_SEMESTREXCURSO" 
   (	"NB_SCU_IDN" NUMBER(10,0), 
	"NB_SEM_IDN" NUMBER(10,0), 
	"NB_GRU_IDN" NUMBER(10,0), 
	"NB_CUR_IDN" NUMBER(10,0), 
	"NB_MCU_IDN" NUMBER(10,0)
   ) SEGMENT CREATION IMMEDIATE 
  PCTFREE 10 PCTUSED 40 INITRANS 1 MAXTRANS 255 NOCOMPRESS LOGGING
  STORAGE(INITIAL 65536 NEXT 1048576 MINEXTENTS 1 MAXEXTENTS 2147483645
  PCTINCREASE 0 FREELISTS 1 FREELIST GROUPS 1 BUFFER_POOL DEFAULT FLASH_CACHE DEFAULT CELL_FLASH_CACHE DEFAULT)
  TABLESPACE "APEX_4876023932912102" ;
--------------------------------------------------------
--  DDL for Table TB_ADM_TAREAS_PROGRAMADAS
--------------------------------------------------------

  CREATE TABLE "PROINT1"."TB_ADM_TAREAS_PROGRAMADAS" 
   (	"NB_TPR_IDN" NUMBER(38,0), 
	"VR_TPR_NOMBRE" VARCHAR2(50 BYTE), 
	"VR_TPR_MANAGER" VARCHAR2(500 BYTE), 
	"NB_TPR_ACTIVA" CHAR(1 BYTE) DEFAULT '0', 
	"VR_ADTUSUARIO" VARCHAR2(32 BYTE), 
	"DT_ADTFECHA" DATE, 
	"NB_DEP_IDN" NUMBER(10,0)
   ) SEGMENT CREATION IMMEDIATE 
  PCTFREE 10 PCTUSED 40 INITRANS 1 MAXTRANS 255 NOCOMPRESS LOGGING
  STORAGE(INITIAL 65536 NEXT 1048576 MINEXTENTS 1 MAXEXTENTS 2147483645
  PCTINCREASE 0 FREELISTS 1 FREELIST GROUPS 1 BUFFER_POOL DEFAULT FLASH_CACHE DEFAULT CELL_FLASH_CACHE DEFAULT)
  TABLESPACE "APEX_4876023932912102" ;
--------------------------------------------------------
--  DDL for Table TB_ADM_TIPO_DEPENDENCIA
--------------------------------------------------------

  CREATE TABLE "PROINT1"."TB_ADM_TIPO_DEPENDENCIA" 
   (	"VR_TDP_CODIGO" VARCHAR2(4 BYTE), 
	"VR_TDP_NOMBRE" VARCHAR2(50 BYTE)
   ) SEGMENT CREATION IMMEDIATE 
  PCTFREE 10 PCTUSED 40 INITRANS 1 MAXTRANS 255 NOCOMPRESS LOGGING
  STORAGE(INITIAL 65536 NEXT 1048576 MINEXTENTS 1 MAXEXTENTS 2147483645
  PCTINCREASE 0 FREELISTS 1 FREELIST GROUPS 1 BUFFER_POOL DEFAULT FLASH_CACHE DEFAULT CELL_FLASH_CACHE DEFAULT)
  TABLESPACE "APEX_4876023932912102" ;
--------------------------------------------------------
--  DDL for Table TB_ADM_TIPOIDENTIFICACION
--------------------------------------------------------

  CREATE TABLE "PROINT1"."TB_ADM_TIPOIDENTIFICACION" 
   (	"NB_IDN" NUMBER(10,0), 
	"DT_ADTFECHA" DATE, 
	"VR_ADTUSUARIO" VARCHAR2(10 CHAR), 
	"VR_DESCRIPCION" VARCHAR2(25 CHAR)
   ) SEGMENT CREATION IMMEDIATE 
  PCTFREE 10 PCTUSED 40 INITRANS 1 MAXTRANS 255 NOCOMPRESS LOGGING
  STORAGE(INITIAL 65536 NEXT 1048576 MINEXTENTS 1 MAXEXTENTS 2147483645
  PCTINCREASE 0 FREELISTS 1 FREELIST GROUPS 1 BUFFER_POOL DEFAULT FLASH_CACHE DEFAULT CELL_FLASH_CACHE DEFAULT)
  TABLESPACE "APEX_4876023932912102" ;
--------------------------------------------------------
--  DDL for Table TB_ADM_UNIDAD_ACADEMICA
--------------------------------------------------------

  CREATE TABLE "PROINT1"."TB_ADM_UNIDAD_ACADEMICA" 
   (	"NB_UNI_IDN" NUMBER(10,0), 
	"VR_UNI_NOMBRE" VARCHAR2(200 BYTE), 
	"VR_ADTUSUARIO" VARCHAR2(32 BYTE), 
	"DT_ADTFECHA" DATE
   ) SEGMENT CREATION IMMEDIATE 
  PCTFREE 10 PCTUSED 40 INITRANS 1 MAXTRANS 255 NOCOMPRESS LOGGING
  STORAGE(INITIAL 65536 NEXT 1048576 MINEXTENTS 1 MAXEXTENTS 2147483645
  PCTINCREASE 0 FREELISTS 1 FREELIST GROUPS 1 BUFFER_POOL DEFAULT FLASH_CACHE DEFAULT CELL_FLASH_CACHE DEFAULT)
  TABLESPACE "APEX_4876023932912102" ;
--------------------------------------------------------
--  DDL for Table TB_ADM_UNIVERSIDADES
--------------------------------------------------------

  CREATE TABLE "PROINT1"."TB_ADM_UNIVERSIDADES" 
   (	"NB_IDM" NUMBER(10,0), 
	"VR_NOMBRE" VARCHAR2(30 CHAR), 
	"DT_ADTFECHA" DATE, 
	"VR_ADTUSUARIO" VARCHAR2(10 CHAR), 
	"NB_PAIS_IDN" NUMBER(10,0)
   ) SEGMENT CREATION IMMEDIATE 
  PCTFREE 10 PCTUSED 40 INITRANS 1 MAXTRANS 255 NOCOMPRESS LOGGING
  STORAGE(INITIAL 65536 NEXT 1048576 MINEXTENTS 1 MAXEXTENTS 2147483645
  PCTINCREASE 0 FREELISTS 1 FREELIST GROUPS 1 BUFFER_POOL DEFAULT FLASH_CACHE DEFAULT CELL_FLASH_CACHE DEFAULT)
  TABLESPACE "APEX_4876023932912102" ;
--------------------------------------------------------
--  DDL for Table TB_ADM_USUARIO
--------------------------------------------------------

  CREATE TABLE "PROINT1"."TB_ADM_USUARIO" 
   (	"NB_USU_IDN" NUMBER(10,0), 
	"VR_USU_LOGIN" VARCHAR2(50 BYTE), 
	"NB_USU_ACTIVO" NUMBER(10,0), 
	"NB_PER_IDN" NUMBER(10,0)
   ) SEGMENT CREATION IMMEDIATE 
  PCTFREE 10 PCTUSED 40 INITRANS 1 MAXTRANS 255 NOCOMPRESS LOGGING
  STORAGE(INITIAL 65536 NEXT 1048576 MINEXTENTS 1 MAXEXTENTS 2147483645
  PCTINCREASE 0 FREELISTS 1 FREELIST GROUPS 1 BUFFER_POOL DEFAULT FLASH_CACHE DEFAULT CELL_FLASH_CACHE DEFAULT)
  TABLESPACE "APEX_4876023932912102" ;
--------------------------------------------------------
--  DDL for Table TB_ADM_USUARIOXROL
--------------------------------------------------------

  CREATE TABLE "PROINT1"."TB_ADM_USUARIOXROL" 
   (	"NB_UXR_IDN" NUMBER(10,0), 
	"NB_ROL_IDN" NUMBER, 
	"NB_USU_IDN" NUMBER(10,0)
   ) SEGMENT CREATION IMMEDIATE 
  PCTFREE 10 PCTUSED 40 INITRANS 1 MAXTRANS 255 NOCOMPRESS LOGGING
  STORAGE(INITIAL 65536 NEXT 1048576 MINEXTENTS 1 MAXEXTENTS 2147483645
  PCTINCREASE 0 FREELISTS 1 FREELIST GROUPS 1 BUFFER_POOL DEFAULT FLASH_CACHE DEFAULT CELL_FLASH_CACHE DEFAULT)
  TABLESPACE "APEX_4876023932912102" ;
--------------------------------------------------------
--  DDL for Table TB_MIC_ACTA
--------------------------------------------------------

  CREATE TABLE "PROINT1"."TB_MIC_ACTA" 
   (	"NB_ACT_IDN" NUMBER(10,0), 
	"VR_ADTUSUARIO" NVARCHAR2(32), 
	"DT_ADTFECHA" DATE, 
	"VR_ACT_CONTENIDO" NVARCHAR2(50), 
	"VR_ACT_ASISTENTES" NVARCHAR2(200), 
	"VR_ACT_ORDENDELDIA" NVARCHAR2(200), 
	"VR_ACT_DESARROLLO" NVARCHAR2(500), 
	"VR_ACT_FIRMAS" NVARCHAR2(100)
   ) SEGMENT CREATION IMMEDIATE 
  PCTFREE 10 PCTUSED 40 INITRANS 1 MAXTRANS 255 NOCOMPRESS LOGGING
  STORAGE(INITIAL 65536 NEXT 1048576 MINEXTENTS 1 MAXEXTENTS 2147483645
  PCTINCREASE 0 FREELISTS 1 FREELIST GROUPS 1 BUFFER_POOL DEFAULT FLASH_CACHE DEFAULT CELL_FLASH_CACHE DEFAULT)
  TABLESPACE "APEX_4876023932912102" ;
--------------------------------------------------------
--  DDL for Table TB_MIC_CURSOSXPENSUM
--------------------------------------------------------

  CREATE TABLE "PROINT1"."TB_MIC_CURSOSXPENSUM" 
   (	"NB_CPE_IDN" NUMBER(10,0), 
	"NB_VPE_IDN" NUMBER(10,0), 
	"NB_CUR_IDN" NUMBER(10,0)
   ) SEGMENT CREATION IMMEDIATE 
  PCTFREE 10 PCTUSED 40 INITRANS 1 MAXTRANS 255 NOCOMPRESS LOGGING
  STORAGE(INITIAL 65536 NEXT 1048576 MINEXTENTS 1 MAXEXTENTS 2147483645
  PCTINCREASE 0 FREELISTS 1 FREELIST GROUPS 1 BUFFER_POOL DEFAULT FLASH_CACHE DEFAULT CELL_FLASH_CACHE DEFAULT)
  TABLESPACE "APEX_4876023932912102" ;
--------------------------------------------------------
--  DDL for Table TB_MIC_ESTADOMIC
--------------------------------------------------------

  CREATE TABLE "PROINT1"."TB_MIC_ESTADOMIC" 
   (	"NB_EST_IDN" NUMBER, 
	"VR_ADTUSUARIO" NVARCHAR2(32), 
	"DT_ADTFECHA" DATE, 
	"VR_EST_NOMBREEST" NVARCHAR2(10)
   ) SEGMENT CREATION IMMEDIATE 
  PCTFREE 10 PCTUSED 40 INITRANS 1 MAXTRANS 255 NOCOMPRESS LOGGING
  STORAGE(INITIAL 65536 NEXT 1048576 MINEXTENTS 1 MAXEXTENTS 2147483645
  PCTINCREASE 0 FREELISTS 1 FREELIST GROUPS 1 BUFFER_POOL DEFAULT FLASH_CACHE DEFAULT CELL_FLASH_CACHE DEFAULT)
  TABLESPACE "APEX_4876023932912102" ;
--------------------------------------------------------
--  DDL for Table TB_MIC_EVALUACION
--------------------------------------------------------

  CREATE TABLE "PROINT1"."TB_MIC_EVALUACION" 
   (	"NB_EV_IDN" NUMBER(10,0), 
	"VR_ADT_USUARIO" NVARCHAR2(32), 
	"DT_ADTFECHA" DATE, 
	"VR_EV_NOMBREACTIVIDAD" NVARCHAR2(32), 
	"FL_EV_PORCENTAJE" FLOAT(4), 
	"DT_EV_FECHADEEVALUACION" DATE
   ) SEGMENT CREATION IMMEDIATE 
  PCTFREE 10 PCTUSED 40 INITRANS 1 MAXTRANS 255 NOCOMPRESS LOGGING
  STORAGE(INITIAL 65536 NEXT 1048576 MINEXTENTS 1 MAXEXTENTS 2147483645
  PCTINCREASE 0 FREELISTS 1 FREELIST GROUPS 1 BUFFER_POOL DEFAULT FLASH_CACHE DEFAULT CELL_FLASH_CACHE DEFAULT)
  TABLESPACE "APEX_4876023932912102" ;
--------------------------------------------------------
--  DDL for Table TB_MIC_MICROCURRICULO
--------------------------------------------------------

  CREATE TABLE "PROINT1"."TB_MIC_MICROCURRICULO" 
   (	"NB_MIC_IDN" NUMBER, 
	"VR_ADTUSUARIO" NVARCHAR2(32), 
	"DT_ADTFECHA" DATE, 
	"VR_MIC_NOMBRE" VARCHAR2(32 BYTE), 
	"VR_MIC_VALIDABLE" VARCHAR2(32 BYTE), 
	"NB_MIC_HORASTEORICASEMANALES" NUMBER(2,0), 
	"NB_MIC_HORASTEROSEM" NUMBER(4,0), 
	"NB_MIC_NUMEROCREDITOS" NUMBER(2,0), 
	"NB_HORASCLASEXSEMESTRE" NUMBER(4,0), 
	"VR_MIC_CAMPODEFORMACION" VARCHAR2(32 BYTE), 
	"NB_SCU_IDN" NUMBER(10,0), 
	"NB_ACT_IDN" NUMBER(10,0), 
	"NB_NAC_IDN" NUMBER(10,0), 
	"VR_MIC_HABILITABLE" NVARCHAR2(14), 
	"VR_MIC_CLASIFICABLE" NVARCHAR2(14), 
	"VR_MIC_REQUISITOS" NVARCHAR2(32), 
	"VR_MIC_CORREQUISITO" NVARCHAR2(32), 
	"NB_MIC_PROGRAM" NUMBER(2,0), 
	"VR_MIC_PROPOSITO" NVARCHAR2(64), 
	"VR_MIC_JUSTIFICACION" NVARCHAR2(64), 
	"VR_MIC_OBJETIVOGENERAL" NVARCHAR2(32), 
	"VR_MIC_OBJETIVOSESPECIFICOS" NVARCHAR2(64), 
	"VR_MIC_CONTENIDORESUMIDO" NVARCHAR2(100), 
	"NB_MIC_ESTADO" NUMBER(2,0), 
	"NB_MIC_UNIDAD" NUMBER(10,0), 
	"VR_MIC_BIBLIOGRAFIA" NVARCHAR2(32)
   ) SEGMENT CREATION IMMEDIATE 
  PCTFREE 10 PCTUSED 40 INITRANS 1 MAXTRANS 255 NOCOMPRESS LOGGING
  STORAGE(INITIAL 65536 NEXT 1048576 MINEXTENTS 1 MAXEXTENTS 2147483645
  PCTINCREASE 0 FREELISTS 1 FREELIST GROUPS 1 BUFFER_POOL DEFAULT FLASH_CACHE DEFAULT CELL_FLASH_CACHE DEFAULT)
  TABLESPACE "APEX_4876023932912102" ;
--------------------------------------------------------
--  DDL for Table TB_MIC_NUCLEOACADEMICO
--------------------------------------------------------

  CREATE TABLE "PROINT1"."TB_MIC_NUCLEOACADEMICO" 
   (	"NB_NAC_IDN" NUMBER(10,0), 
	"VR_ADTUSUARIO" NVARCHAR2(32), 
	"DT_ADTFECHA" DATE, 
	"VR_NAC_NOMBRENUCLEO" NVARCHAR2(40)
   ) SEGMENT CREATION IMMEDIATE 
  PCTFREE 10 PCTUSED 40 INITRANS 1 MAXTRANS 255 NOCOMPRESS LOGGING
  STORAGE(INITIAL 65536 NEXT 1048576 MINEXTENTS 1 MAXEXTENTS 2147483645
  PCTINCREASE 0 FREELISTS 1 FREELIST GROUPS 1 BUFFER_POOL DEFAULT FLASH_CACHE DEFAULT CELL_FLASH_CACHE DEFAULT)
  TABLESPACE "APEX_4876023932912102" ;
--------------------------------------------------------
--  DDL for Table TB_MIC_UNIDADES
--------------------------------------------------------

  CREATE TABLE "PROINT1"."TB_MIC_UNIDADES" 
   (	"NB_UNI_IDN" NUMBER(10,0), 
	"VR_ADTUSUARIO" NVARCHAR2(32), 
	"DT_ADTFECHA" DATE, 
	"VR_UNI_NOMBREUNI" NVARCHAR2(32)
   ) SEGMENT CREATION IMMEDIATE 
  PCTFREE 10 PCTUSED 40 INITRANS 1 MAXTRANS 255 NOCOMPRESS LOGGING
  STORAGE(INITIAL 65536 NEXT 1048576 MINEXTENTS 1 MAXEXTENTS 2147483645
  PCTINCREASE 0 FREELISTS 1 FREELIST GROUPS 1 BUFFER_POOL DEFAULT FLASH_CACHE DEFAULT CELL_FLASH_CACHE DEFAULT)
  TABLESPACE "APEX_4876023932912102" ;
--------------------------------------------------------
--  DDL for Table TB_MIC_VERSIONPENSUM
--------------------------------------------------------

  CREATE TABLE "PROINT1"."TB_MIC_VERSIONPENSUM" 
   (	"NB_VPE_IDN" NUMBER(10,0)
   ) SEGMENT CREATION IMMEDIATE 
  PCTFREE 10 PCTUSED 40 INITRANS 1 MAXTRANS 255 NOCOMPRESS LOGGING
  STORAGE(INITIAL 65536 NEXT 1048576 MINEXTENTS 1 MAXEXTENTS 2147483645
  PCTINCREASE 0 FREELISTS 1 FREELIST GROUPS 1 BUFFER_POOL DEFAULT FLASH_CACHE DEFAULT CELL_FLASH_CACHE DEFAULT)
  TABLESPACE "APEX_4876023932912102" ;
--------------------------------------------------------
--  DDL for Table TB_PRD_AUTOR
--------------------------------------------------------

  CREATE TABLE "PROINT1"."TB_PRD_AUTOR" 
   (	"NB_AUT_IDN" NUMBER(10,0), 
	"NB_PER_IDN" NUMBER(10,0), 
	"VR_PAIS_IDN" NUMBER(10,0), 
	"PH_FOTO" BLOB, 
	"VR_ADTUSUARIO" VARCHAR2(10 CHAR), 
	"DT_ADTFECHA" DATE
   ) SEGMENT CREATION IMMEDIATE 
  PCTFREE 10 PCTUSED 40 INITRANS 1 MAXTRANS 255 NOCOMPRESS LOGGING
  STORAGE(INITIAL 65536 NEXT 1048576 MINEXTENTS 1 MAXEXTENTS 2147483645
  PCTINCREASE 0 FREELISTS 1 FREELIST GROUPS 1 BUFFER_POOL DEFAULT FLASH_CACHE DEFAULT CELL_FLASH_CACHE DEFAULT)
  TABLESPACE "APEX_4876023932912102" 
 LOB ("PH_FOTO") STORE AS BASICFILE (
  TABLESPACE "APEX_4876023932912102" ENABLE STORAGE IN ROW CHUNK 8192 RETENTION 
  NOCACHE LOGGING 
  STORAGE(INITIAL 65536 NEXT 1048576 MINEXTENTS 1 MAXEXTENTS 2147483645
  PCTINCREASE 0 FREELISTS 1 FREELIST GROUPS 1 BUFFER_POOL DEFAULT FLASH_CACHE DEFAULT CELL_FLASH_CACHE DEFAULT)) ;
--------------------------------------------------------
--  DDL for Table TB_PRD_AUTORESXPRODUCCION
--------------------------------------------------------

  CREATE TABLE "PROINT1"."TB_PRD_AUTORESXPRODUCCION" 
   (	"NB_PRO_IDN" NUMBER(10,0), 
	"NB_AUT_IDN" NUMBER(10,0), 
	"NB_GRU_IDN" NUMBER(10,0), 
	"VR_ADTUSUARIO" VARCHAR2(10 CHAR), 
	"DT_ADTFECHA" DATE
   ) SEGMENT CREATION IMMEDIATE 
  PCTFREE 10 PCTUSED 40 INITRANS 1 MAXTRANS 255 NOCOMPRESS LOGGING
  STORAGE(INITIAL 65536 NEXT 1048576 MINEXTENTS 1 MAXEXTENTS 2147483645
  PCTINCREASE 0 FREELISTS 1 FREELIST GROUPS 1 BUFFER_POOL DEFAULT FLASH_CACHE DEFAULT CELL_FLASH_CACHE DEFAULT)
  TABLESPACE "APEX_4876023932912102" ;
--------------------------------------------------------
--  DDL for Table TB_PRD_CAMPOS
--------------------------------------------------------

  CREATE TABLE "PROINT1"."TB_PRD_CAMPOS" 
   (	"NB_IDN" NUMBER(10,0), 
	"VR_DESCRIPCION" VARCHAR2(30 CHAR), 
	"VR_TIPOCAMPO" CHAR(1 BYTE), 
	"NB_TAMAÑOCAMPO" NUMBER(4,0), 
	"NB_DECIMALES" NUMBER(1,0), 
	"BL_ESTADO" CHAR(1 BYTE), 
	"VR_ADTUSUARIO" VARCHAR2(10 CHAR), 
	"DT_ADTFECHA" DATE
   ) SEGMENT CREATION IMMEDIATE 
  PCTFREE 10 PCTUSED 40 INITRANS 1 MAXTRANS 255 NOCOMPRESS LOGGING
  STORAGE(INITIAL 65536 NEXT 1048576 MINEXTENTS 1 MAXEXTENTS 2147483645
  PCTINCREASE 0 FREELISTS 1 FREELIST GROUPS 1 BUFFER_POOL DEFAULT FLASH_CACHE DEFAULT CELL_FLASH_CACHE DEFAULT)
  TABLESPACE "APEX_4876023932912102" ;
--------------------------------------------------------
--  DDL for Table TB_PRD_DETALLEPRODUCCIONES
--------------------------------------------------------

  CREATE TABLE "PROINT1"."TB_PRD_DETALLEPRODUCCIONES" 
   (	"NB_IDN" NUMBER(10,0), 
	"NB_PRODUCCION_IDN" NUMBER(10,0), 
	"NB_TIPOPRODUCCIONCAMPOS_IDN" NUMBER(10,0), 
	"VR_VALOR" VARCHAR2(3999 CHAR), 
	"BL_ESTADO" CHAR(1 BYTE), 
	"VR_ADTUSUARIO" VARCHAR2(10 CHAR), 
	"DT_ADTFECHA" DATE
   ) SEGMENT CREATION IMMEDIATE 
  PCTFREE 10 PCTUSED 40 INITRANS 1 MAXTRANS 255 NOCOMPRESS LOGGING
  STORAGE(INITIAL 65536 NEXT 1048576 MINEXTENTS 1 MAXEXTENTS 2147483645
  PCTINCREASE 0 FREELISTS 1 FREELIST GROUPS 1 BUFFER_POOL DEFAULT FLASH_CACHE DEFAULT CELL_FLASH_CACHE DEFAULT)
  TABLESPACE "APEX_4876023932912102" ;
--------------------------------------------------------
--  DDL for Table TB_PRD_GRUPOINVESTIGACION
--------------------------------------------------------

  CREATE TABLE "PROINT1"."TB_PRD_GRUPOINVESTIGACION" 
   (	"NB_IDN" NUMBER(10,0), 
	"VR_NOMBRE" VARCHAR2(100 CHAR), 
	"VR_ABREVIATURA" VARCHAR2(20 CHAR), 
	"DT_FECHACREACION" DATE, 
	"NB_DIRECTOR" NUMBER(10,0), 
	"NB_AUXILIAR" NUMBER(10,0), 
	"BL_ESTADO" CHAR(1 BYTE), 
	"DT_FECHARETIRO" DATE, 
	"VR_ADTUSUARIO" VARCHAR2(10 CHAR), 
	"DT_ADTFECHA" DATE
   ) SEGMENT CREATION IMMEDIATE 
  PCTFREE 10 PCTUSED 40 INITRANS 1 MAXTRANS 255 NOCOMPRESS LOGGING
  STORAGE(INITIAL 65536 NEXT 1048576 MINEXTENTS 1 MAXEXTENTS 2147483645
  PCTINCREASE 0 FREELISTS 1 FREELIST GROUPS 1 BUFFER_POOL DEFAULT FLASH_CACHE DEFAULT CELL_FLASH_CACHE DEFAULT)
  TABLESPACE "APEX_4876023932912102" ;
--------------------------------------------------------
--  DDL for Table TB_PRD_HISTORIAMIEMBROS
--------------------------------------------------------

  CREATE TABLE "PROINT1"."TB_PRD_HISTORIAMIEMBROS" 
   (	"NB_GPI_IDN" NUMBER(10,0), 
	"NB_AUT_IDN" NUMBER(10,0), 
	"DT_FECHA" TIMESTAMP (6), 
	"VR_ACCION" VARCHAR2(20 BYTE), 
	"VR_DETALLES" VARCHAR2(255 BYTE), 
	"VR_ADTUSUARIO" VARCHAR2(10 BYTE), 
	"DT_ADTFECHA" DATE
   ) SEGMENT CREATION IMMEDIATE 
  PCTFREE 10 PCTUSED 40 INITRANS 1 MAXTRANS 255 NOCOMPRESS LOGGING
  STORAGE(INITIAL 65536 NEXT 1048576 MINEXTENTS 1 MAXEXTENTS 2147483645
  PCTINCREASE 0 FREELISTS 1 FREELIST GROUPS 1 BUFFER_POOL DEFAULT FLASH_CACHE DEFAULT CELL_FLASH_CACHE DEFAULT)
  TABLESPACE "APEX_4876023932912102" ;
--------------------------------------------------------
--  DDL for Table TB_PRD_MIEMBROSXGRUPO
--------------------------------------------------------

  CREATE TABLE "PROINT1"."TB_PRD_MIEMBROSXGRUPO" 
   (	"NB_GPI_IDN" NUMBER(10,0), 
	"NB_AUT_IDN" NUMBER(10,0)
   ) SEGMENT CREATION IMMEDIATE 
  PCTFREE 10 PCTUSED 40 INITRANS 1 MAXTRANS 255 NOCOMPRESS LOGGING
  STORAGE(INITIAL 65536 NEXT 1048576 MINEXTENTS 1 MAXEXTENTS 2147483645
  PCTINCREASE 0 FREELISTS 1 FREELIST GROUPS 1 BUFFER_POOL DEFAULT FLASH_CACHE DEFAULT CELL_FLASH_CACHE DEFAULT)
  TABLESPACE "APEX_4876023932912102" ;
--------------------------------------------------------
--  DDL for Table TB_PRD_PRODUCCION
--------------------------------------------------------

  CREATE TABLE "PROINT1"."TB_PRD_PRODUCCION" 
   (	"NB_IDN" NUMBER(10,0), 
	"VR_NOMBREPRODUCCION" VARCHAR2(100 CHAR), 
	"DT_FECHAPUBLICACION" DATE, 
	"NB_TPR_IDN" NUMBER(10,0), 
	"VR_URL" VARCHAR2(999 CHAR), 
	"VR_DOI" VARCHAR2(999 CHAR), 
	"BL_ESTADO" CHAR(1 BYTE), 
	"VR_ADTUSUARIO" VARCHAR2(10 CHAR), 
	"DT_ADTFECHA" DATE
   ) SEGMENT CREATION IMMEDIATE 
  PCTFREE 10 PCTUSED 40 INITRANS 1 MAXTRANS 255 NOCOMPRESS LOGGING
  STORAGE(INITIAL 65536 NEXT 1048576 MINEXTENTS 1 MAXEXTENTS 2147483645
  PCTINCREASE 0 FREELISTS 1 FREELIST GROUPS 1 BUFFER_POOL DEFAULT FLASH_CACHE DEFAULT CELL_FLASH_CACHE DEFAULT)
  TABLESPACE "APEX_4876023932912102" ;
--------------------------------------------------------
--  DDL for Table TB_PRD_TIPOPRODUCCION
--------------------------------------------------------

  CREATE TABLE "PROINT1"."TB_PRD_TIPOPRODUCCION" 
   (	"NB_IDN" NUMBER(10,0), 
	"VR_DESCRIPCION" VARCHAR2(20 BYTE), 
	"BL_ESTADO" CHAR(1 BYTE), 
	"VR_ADTUSUARIO" VARCHAR2(10 CHAR), 
	"DT_ADTFECHA" DATE
   ) SEGMENT CREATION IMMEDIATE 
  PCTFREE 10 PCTUSED 40 INITRANS 1 MAXTRANS 255 NOCOMPRESS LOGGING
  STORAGE(INITIAL 65536 NEXT 1048576 MINEXTENTS 1 MAXEXTENTS 2147483645
  PCTINCREASE 0 FREELISTS 1 FREELIST GROUPS 1 BUFFER_POOL DEFAULT FLASH_CACHE DEFAULT CELL_FLASH_CACHE DEFAULT)
  TABLESPACE "APEX_4876023932912102" ;
--------------------------------------------------------
--  DDL for Table TB_PRD_TIPOPRODUCCIONESXCAMPO
--------------------------------------------------------

  CREATE TABLE "PROINT1"."TB_PRD_TIPOPRODUCCIONESXCAMPO" 
   (	"NB_IDN" NUMBER(10,0), 
	"NB_TIPOPRODUCCION_IDN" NUMBER(10,0), 
	"NB_CAMPO_IDN" NUMBER(10,0), 
	"BL_ESTADO" CHAR(1 BYTE), 
	"VR_ADTUSUARIO" VARCHAR2(10 CHAR), 
	"DT_ADTFECHA" DATE, 
	"BL_CAMPOOBLIGATORIO" CHAR(1 BYTE)
   ) SEGMENT CREATION IMMEDIATE 
  PCTFREE 10 PCTUSED 40 INITRANS 1 MAXTRANS 255 NOCOMPRESS LOGGING
  STORAGE(INITIAL 65536 NEXT 1048576 MINEXTENTS 1 MAXEXTENTS 2147483645
  PCTINCREASE 0 FREELISTS 1 FREELIST GROUPS 1 BUFFER_POOL DEFAULT FLASH_CACHE DEFAULT CELL_FLASH_CACHE DEFAULT)
  TABLESPACE "APEX_4876023932912102" ;
REM INSERTING into PROINT1.APEX$_ACL
SET DEFINE OFF;
REM INSERTING into PROINT1.APEX$_WS_FILES
SET DEFINE OFF;
REM INSERTING into PROINT1.APEX$_WS_HISTORY
SET DEFINE OFF;
REM INSERTING into PROINT1.APEX$_WS_LINKS
SET DEFINE OFF;
REM INSERTING into PROINT1.APEX$_WS_NOTES
SET DEFINE OFF;
REM INSERTING into PROINT1.APEX$_WS_ROWS
SET DEFINE OFF;
REM INSERTING into PROINT1.APEX$_WS_TAGS
SET DEFINE OFF;
REM INSERTING into PROINT1.APEX$_WS_WEBPG_SECTION_HISTORY
SET DEFINE OFF;
REM INSERTING into PROINT1.APEX$_WS_WEBPG_SECTIONS
SET DEFINE OFF;
REM INSERTING into PROINT1.TB_ACT_DOCENTEXGRUPO
SET DEFINE OFF;
REM INSERTING into PROINT1.TB_ACT_REPORTEACTIVIDAD
SET DEFINE OFF;
REM INSERTING into PROINT1.TB_ACT_TIPO_ACTIVIDAD
SET DEFINE OFF;
REM INSERTING into PROINT1.TB_ADM_CURSO
SET DEFINE OFF;
REM INSERTING into PROINT1.TB_ADM_DEPENDENCIA_ACADEMICA
SET DEFINE OFF;
REM INSERTING into PROINT1.TB_ADM_DOCENTE
SET DEFINE OFF;
REM INSERTING into PROINT1.TB_ADM_DOCENTESXDEPENDENCIA
SET DEFINE OFF;
REM INSERTING into PROINT1.TB_ADM_ESTADO_SEMESTRE
SET DEFINE OFF;
REM INSERTING into PROINT1.TB_ADM_ESTUDIANTE
SET DEFINE OFF;
REM INSERTING into PROINT1.TB_ADM_GRUPO
SET DEFINE OFF;
REM INSERTING into PROINT1.TB_ADM_MATRICULA
SET DEFINE OFF;
REM INSERTING into PROINT1.TB_ADM_MODALIDAD_CURSO
SET DEFINE OFF;
REM INSERTING into PROINT1.TB_ADM_PAISES
SET DEFINE OFF;
Insert into PROINT1.TB_ADM_PAISES (NB_IDN,VR_DESCRIPCION,VR_CODIGO,VR_ADTUSUARIO,DT_ADTFECHA) values ('1','COLOMBIA','057','123',to_date('02/09/14','DD/MM/RR'));
Insert into PROINT1.TB_ADM_PAISES (NB_IDN,VR_DESCRIPCION,VR_CODIGO,VR_ADTUSUARIO,DT_ADTFECHA) values ('2','ESPAÑA','2234','123',to_date('02/09/14','DD/MM/RR'));
Insert into PROINT1.TB_ADM_PAISES (NB_IDN,VR_DESCRIPCION,VR_CODIGO,VR_ADTUSUARIO,DT_ADTFECHA) values ('3','ESTADOS UNIDOS','0101','123',to_date('02/09/14','DD/MM/RR'));
REM INSERTING into PROINT1.TB_ADM_PERMISOSXROL
SET DEFINE OFF;
REM INSERTING into PROINT1.TB_ADM_PERSONA
SET DEFINE OFF;
Insert into PROINT1.TB_ADM_PERSONA (NB_IDN,VR_NOMBRES,VR_APELLIDOS,NB_TIPOIDENTIFICACION_IDN,VR_IDENTIFICACION,VR_DIRECCION,VR_TELEFONO,VR_EMAIL,VR_ADTUSUARIO,DT_ADTFECHA) values ('1','ANDRES FELIPE','ARISTIZABAL','2','1034567','CRA 82 #45-66','2447678','andres@gmail.com','123',to_date('01/09/14','DD/MM/RR'));
Insert into PROINT1.TB_ADM_PERSONA (NB_IDN,VR_NOMBRES,VR_APELLIDOS,NB_TIPOIDENTIFICACION_IDN,VR_IDENTIFICACION,VR_DIRECCION,VR_TELEFONO,VR_EMAIL,VR_ADTUSUARIO,DT_ADTFECHA) values ('2','JUANITA','DE LA CRUZ','1','43211598','CALLE 23 #65-76','4112524','juana@hotmail.com','admin',to_date('28/11/14','DD/MM/RR'));
Insert into PROINT1.TB_ADM_PERSONA (NB_IDN,VR_NOMBRES,VR_APELLIDOS,NB_TIPOIDENTIFICACION_IDN,VR_IDENTIFICACION,VR_DIRECCION,VR_TELEFONO,VR_EMAIL,VR_ADTUSUARIO,DT_ADTFECHA) values ('3','CLARA','ALVAREZ','2','1067890','DIAGONAL 23 #45-56','2632173','calvarez@gmail.com','admin',to_date('28/11/14','DD/MM/RR'));
Insert into PROINT1.TB_ADM_PERSONA (NB_IDN,VR_NOMBRES,VR_APELLIDOS,NB_TIPOIDENTIFICACION_IDN,VR_IDENTIFICACION,VR_DIRECCION,VR_TELEFONO,VR_EMAIL,VR_ADTUSUARIO,DT_ADTFECHA) values ('4','AUGUSTO','CASTAÑEDA ORTIZ','1','71290598','CARRERA 45 #33-22','22634960','augusto.castaneda@gmail.com','admin',to_date('28/11/14','DD/MM/RR'));
Insert into PROINT1.TB_ADM_PERSONA (NB_IDN,VR_NOMBRES,VR_APELLIDOS,NB_TIPOIDENTIFICACION_IDN,VR_IDENTIFICACION,VR_DIRECCION,VR_TELEFONO,VR_EMAIL,VR_ADTUSUARIO,DT_ADTFECHA) values ('5','JAIME','TAMAYO','1','71756980','DIAGONAL 79 #55B-14','22668900','jaime.tamayo@hotmail.com','admin',to_date('28/11/14','DD/MM/RR'));
Insert into PROINT1.TB_ADM_PERSONA (NB_IDN,VR_NOMBRES,VR_APELLIDOS,NB_TIPOIDENTIFICACION_IDN,VR_IDENTIFICACION,VR_DIRECCION,VR_TELEFONO,VR_EMAIL,VR_ADTUSUARIO,DT_ADTFECHA) values ('6','CAMILO','GONZALEZ','1','70345098','CALLE 9A #96-54','2548709','camilo1234@hotmail.com','admin',to_date('28/11/14','DD/MM/RR'));
Insert into PROINT1.TB_ADM_PERSONA (NB_IDN,VR_NOMBRES,VR_APELLIDOS,NB_TIPOIDENTIFICACION_IDN,VR_IDENTIFICACION,VR_DIRECCION,VR_TELEFONO,VR_EMAIL,VR_ADTUSUARIO,DT_ADTFECHA) values ('7','JUAN FERNANDO','GUTIERREZ','1','70274902','CARRERA 32 # 67-09','2895678','juanfe@yahoo.es','admin',to_date('28/11/14','DD/MM/RR'));
Insert into PROINT1.TB_ADM_PERSONA (NB_IDN,VR_NOMBRES,VR_APELLIDOS,NB_TIPOIDENTIFICACION_IDN,VR_IDENTIFICACION,VR_DIRECCION,VR_TELEFONO,VR_EMAIL,VR_ADTUSUARIO,DT_ADTFECHA) values ('8','EDWIN','ECHEVERRI','1','771067429','CARRERA 45 #22-09','2906789','edwineche@hotmail.com','admin',to_date('28/11/14','DD/MM/RR'));
Insert into PROINT1.TB_ADM_PERSONA (NB_IDN,VR_NOMBRES,VR_APELLIDOS,NB_TIPOIDENTIFICACION_IDN,VR_IDENTIFICACION,VR_DIRECCION,VR_TELEFONO,VR_EMAIL,VR_ADTUSUARIO,DT_ADTFECHA) values ('9','ISABELLA','PEREZ','2','1024621','CARRERA 24 #34BB-33','4244444','isabella.perez@gmail.com','admin',to_date('28/11/14','DD/MM/RR'));
Insert into PROINT1.TB_ADM_PERSONA (NB_IDN,VR_NOMBRES,VR_APELLIDOS,NB_TIPOIDENTIFICACION_IDN,VR_IDENTIFICACION,VR_DIRECCION,VR_TELEFONO,VR_EMAIL,VR_ADTUSUARIO,DT_ADTFECHA) values ('10','MONICA ALEJANDRA','CASTRO','2','1298407','CIRC. 3 #1SUR-24','444111','morenita2@yahoo.es','admin',to_date('28/11/14','DD/MM/RR'));
Insert into PROINT1.TB_ADM_PERSONA (NB_IDN,VR_NOMBRES,VR_APELLIDOS,NB_TIPOIDENTIFICACION_IDN,VR_IDENTIFICACION,VR_DIRECCION,VR_TELEFONO,VR_EMAIL,VR_ADTUSUARIO,DT_ADTFECHA) values ('11','SANDRA YANETH','MORENO','1','34050299','CALLE 12 #09-09','2908737','moreno@yahoo.es','123',to_date('01/09/14','DD/MM/RR'));
Insert into PROINT1.TB_ADM_PERSONA (NB_IDN,VR_NOMBRES,VR_APELLIDOS,NB_TIPOIDENTIFICACION_IDN,VR_IDENTIFICACION,VR_DIRECCION,VR_TELEFONO,VR_EMAIL,VR_ADTUSUARIO,DT_ADTFECHA) values ('12','FREDY','RIVERA','1','70890428','CALLE 15 #13-76','2920708','riverafredy@hotmail.com','11',to_date('04/09/14','DD/MM/RR'));
Insert into PROINT1.TB_ADM_PERSONA (NB_IDN,VR_NOMBRES,VR_APELLIDOS,NB_TIPOIDENTIFICACION_IDN,VR_IDENTIFICACION,VR_DIRECCION,VR_TELEFONO,VR_EMAIL,VR_ADTUSUARIO,DT_ADTFECHA) values ('13','FELIPE','ALVAREZ','1','23654867',null,null,null,'admin',to_date('28/11/14','DD/MM/RR'));
Insert into PROINT1.TB_ADM_PERSONA (NB_IDN,VR_NOMBRES,VR_APELLIDOS,NB_TIPOIDENTIFICACION_IDN,VR_IDENTIFICACION,VR_DIRECCION,VR_TELEFONO,VR_EMAIL,VR_ADTUSUARIO,DT_ADTFECHA) values ('14','JANETH','ROJAS','1','214353123','Cra20 #12-23','2232112','janethrojas@gmail.com','admin',to_date('28/11/14','DD/MM/RR'));
Insert into PROINT1.TB_ADM_PERSONA (NB_IDN,VR_NOMBRES,VR_APELLIDOS,NB_TIPOIDENTIFICACION_IDN,VR_IDENTIFICACION,VR_DIRECCION,VR_TELEFONO,VR_EMAIL,VR_ADTUSUARIO,DT_ADTFECHA) values ('15','MARIA','LOPEZ','1','31432543','Cra 32 # 12-43','4560909','marialopez@gmail.com','admin',to_date('28/11/14','DD/MM/RR'));
Insert into PROINT1.TB_ADM_PERSONA (NB_IDN,VR_NOMBRES,VR_APELLIDOS,NB_TIPOIDENTIFICACION_IDN,VR_IDENTIFICACION,VR_DIRECCION,VR_TELEFONO,VR_EMAIL,VR_ADTUSUARIO,DT_ADTFECHA) values ('16','DAVID','CASTRO','1','3423697',null,null,null,'admin',to_date('28/11/14','DD/MM/RR'));
Insert into PROINT1.TB_ADM_PERSONA (NB_IDN,VR_NOMBRES,VR_APELLIDOS,NB_TIPOIDENTIFICACION_IDN,VR_IDENTIFICACION,VR_DIRECCION,VR_TELEFONO,VR_EMAIL,VR_ADTUSUARIO,DT_ADTFECHA) values ('17','RAMON','FRANCO','1','45789234',null,'32123444','ramonfr@hotmail.com','admin',to_date('28/11/14','DD/MM/RR'));
Insert into PROINT1.TB_ADM_PERSONA (NB_IDN,VR_NOMBRES,VR_APELLIDOS,NB_TIPOIDENTIFICACION_IDN,VR_IDENTIFICACION,VR_DIRECCION,VR_TELEFONO,VR_EMAIL,VR_ADTUSUARIO,DT_ADTFECHA) values ('18','JULIETH','DOMINGUEZ','1','32876345',null,null,null,'admin',to_date('28/11/14','DD/MM/RR'));
Insert into PROINT1.TB_ADM_PERSONA (NB_IDN,VR_NOMBRES,VR_APELLIDOS,NB_TIPOIDENTIFICACION_IDN,VR_IDENTIFICACION,VR_DIRECCION,VR_TELEFONO,VR_EMAIL,VR_ADTUSUARIO,DT_ADTFECHA) values ('19','TOMAS','CIFUENTES','1','7892354',null,null,null,'admin',to_date('28/11/14','DD/MM/RR'));
Insert into PROINT1.TB_ADM_PERSONA (NB_IDN,VR_NOMBRES,VR_APELLIDOS,NB_TIPOIDENTIFICACION_IDN,VR_IDENTIFICACION,VR_DIRECCION,VR_TELEFONO,VR_EMAIL,VR_ADTUSUARIO,DT_ADTFECHA) values ('20','YAMILE','VARGAS','1','122232',null,null,null,'admin',to_date('28/11/14','DD/MM/RR'));
Insert into PROINT1.TB_ADM_PERSONA (NB_IDN,VR_NOMBRES,VR_APELLIDOS,NB_TIPOIDENTIFICACION_IDN,VR_IDENTIFICACION,VR_DIRECCION,VR_TELEFONO,VR_EMAIL,VR_ADTUSUARIO,DT_ADTFECHA) values ('21','JOE','CARS','3','123453',null,null,null,'admin',to_date('28/11/14','DD/MM/RR'));
REM INSERTING into PROINT1.TB_ADM_PROPIEDADES
SET DEFINE OFF;
REM INSERTING into PROINT1.TB_ADM_RECURSO
SET DEFINE OFF;
REM INSERTING into PROINT1.TB_ADM_ROL
SET DEFINE OFF;
Insert into PROINT1.TB_ADM_ROL (NB_ROL_IDN,VR_ROL_NOMBRE) values ('1','Administrador');
Insert into PROINT1.TB_ADM_ROL (NB_ROL_IDN,VR_ROL_NOMBRE) values ('2','Investigador');
REM INSERTING into PROINT1.TB_ADM_SEMESTRE
SET DEFINE OFF;
REM INSERTING into PROINT1.TB_ADM_SEMESTREXCURSO
SET DEFINE OFF;
REM INSERTING into PROINT1.TB_ADM_TAREAS_PROGRAMADAS
SET DEFINE OFF;
REM INSERTING into PROINT1.TB_ADM_TIPO_DEPENDENCIA
SET DEFINE OFF;
REM INSERTING into PROINT1.TB_ADM_TIPOIDENTIFICACION
SET DEFINE OFF;
Insert into PROINT1.TB_ADM_TIPOIDENTIFICACION (NB_IDN,DT_ADTFECHA,VR_ADTUSUARIO,VR_DESCRIPCION) values ('1',to_date('01/09/14','DD/MM/RR'),'123','CEDULA DE CIUDADANIA');
Insert into PROINT1.TB_ADM_TIPOIDENTIFICACION (NB_IDN,DT_ADTFECHA,VR_ADTUSUARIO,VR_DESCRIPCION) values ('2',to_date('02/09/14','DD/MM/RR'),'123','NUI');
Insert into PROINT1.TB_ADM_TIPOIDENTIFICACION (NB_IDN,DT_ADTFECHA,VR_ADTUSUARIO,VR_DESCRIPCION) values ('3',to_date('02/09/14','DD/MM/RR'),'123','TARJETA DE IDENTIDAD');
REM INSERTING into PROINT1.TB_ADM_UNIDAD_ACADEMICA
SET DEFINE OFF;
REM INSERTING into PROINT1.TB_ADM_UNIVERSIDADES
SET DEFINE OFF;
REM INSERTING into PROINT1.TB_ADM_USUARIO
SET DEFINE OFF;
Insert into PROINT1.TB_ADM_USUARIO (NB_USU_IDN,VR_USU_LOGIN,NB_USU_ACTIVO,NB_PER_IDN) values ('1','Administrador','1','1');
Insert into PROINT1.TB_ADM_USUARIO (NB_USU_IDN,VR_USU_LOGIN,NB_USU_ACTIVO,NB_PER_IDN) values ('2','Investigador','1','2');
REM INSERTING into PROINT1.TB_ADM_USUARIOXROL
SET DEFINE OFF;
Insert into PROINT1.TB_ADM_USUARIOXROL (NB_UXR_IDN,NB_ROL_IDN,NB_USU_IDN) values ('1','1','1');
Insert into PROINT1.TB_ADM_USUARIOXROL (NB_UXR_IDN,NB_ROL_IDN,NB_USU_IDN) values ('2','2','2');
REM INSERTING into PROINT1.TB_MIC_ACTA
SET DEFINE OFF;
REM INSERTING into PROINT1.TB_MIC_CURSOSXPENSUM
SET DEFINE OFF;
REM INSERTING into PROINT1.TB_MIC_ESTADOMIC
SET DEFINE OFF;
REM INSERTING into PROINT1.TB_MIC_EVALUACION
SET DEFINE OFF;
REM INSERTING into PROINT1.TB_MIC_MICROCURRICULO
SET DEFINE OFF;
REM INSERTING into PROINT1.TB_MIC_NUCLEOACADEMICO
SET DEFINE OFF;
REM INSERTING into PROINT1.TB_MIC_UNIDADES
SET DEFINE OFF;
REM INSERTING into PROINT1.TB_MIC_VERSIONPENSUM
SET DEFINE OFF;
REM INSERTING into PROINT1.TB_PRD_AUTOR
SET DEFINE OFF;
Insert into PROINT1.TB_PRD_AUTOR (NB_AUT_IDN,NB_PER_IDN,VR_PAIS_IDN,VR_ADTUSUARIO,DT_ADTFECHA) values ('1','5','1','11',to_date('02/09/14','DD/MM/RR'));
Insert into PROINT1.TB_PRD_AUTOR (NB_AUT_IDN,NB_PER_IDN,VR_PAIS_IDN,VR_ADTUSUARIO,DT_ADTFECHA) values ('2','10','1','123',to_date('02/09/14','DD/MM/RR'));
Insert into PROINT1.TB_PRD_AUTOR (NB_AUT_IDN,NB_PER_IDN,VR_PAIS_IDN,VR_ADTUSUARIO,DT_ADTFECHA) values ('3','3','2','11',to_date('03/09/14','DD/MM/RR'));
Insert into PROINT1.TB_PRD_AUTOR (NB_AUT_IDN,NB_PER_IDN,VR_PAIS_IDN,VR_ADTUSUARIO,DT_ADTFECHA) values ('4','9','1','11',to_date('03/09/14','DD/MM/RR'));
Insert into PROINT1.TB_PRD_AUTOR (NB_AUT_IDN,NB_PER_IDN,VR_PAIS_IDN,VR_ADTUSUARIO,DT_ADTFECHA) values ('5','6','1','123',to_date('02/09/14','DD/MM/RR'));
Insert into PROINT1.TB_PRD_AUTOR (NB_AUT_IDN,NB_PER_IDN,VR_PAIS_IDN,VR_ADTUSUARIO,DT_ADTFECHA) values ('6','7','1','11',to_date('03/09/14','DD/MM/RR'));
Insert into PROINT1.TB_PRD_AUTOR (NB_AUT_IDN,NB_PER_IDN,VR_PAIS_IDN,VR_ADTUSUARIO,DT_ADTFECHA) values ('7','4','3','123',to_date('09/09/14','DD/MM/RR'));
Insert into PROINT1.TB_PRD_AUTOR (NB_AUT_IDN,NB_PER_IDN,VR_PAIS_IDN,VR_ADTUSUARIO,DT_ADTFECHA) values ('8','2','1','11',to_date('03/09/14','DD/MM/RR'));
Insert into PROINT1.TB_PRD_AUTOR (NB_AUT_IDN,NB_PER_IDN,VR_PAIS_IDN,VR_ADTUSUARIO,DT_ADTFECHA) values ('9','8','2','1123',to_date('02/09/14','DD/MM/RR'));
Insert into PROINT1.TB_PRD_AUTOR (NB_AUT_IDN,NB_PER_IDN,VR_PAIS_IDN,VR_ADTUSUARIO,DT_ADTFECHA) values ('10','13','1','admin',to_date('28/11/14','DD/MM/RR'));
Insert into PROINT1.TB_PRD_AUTOR (NB_AUT_IDN,NB_PER_IDN,VR_PAIS_IDN,VR_ADTUSUARIO,DT_ADTFECHA) values ('11','14','1','admin',to_date('28/11/14','DD/MM/RR'));
Insert into PROINT1.TB_PRD_AUTOR (NB_AUT_IDN,NB_PER_IDN,VR_PAIS_IDN,VR_ADTUSUARIO,DT_ADTFECHA) values ('12','15','2','admin',to_date('28/11/14','DD/MM/RR'));
Insert into PROINT1.TB_PRD_AUTOR (NB_AUT_IDN,NB_PER_IDN,VR_PAIS_IDN,VR_ADTUSUARIO,DT_ADTFECHA) values ('13','16','3','admin',to_date('28/11/14','DD/MM/RR'));
Insert into PROINT1.TB_PRD_AUTOR (NB_AUT_IDN,NB_PER_IDN,VR_PAIS_IDN,VR_ADTUSUARIO,DT_ADTFECHA) values ('14','17','2','admin',to_date('28/11/14','DD/MM/RR'));
Insert into PROINT1.TB_PRD_AUTOR (NB_AUT_IDN,NB_PER_IDN,VR_PAIS_IDN,VR_ADTUSUARIO,DT_ADTFECHA) values ('15','18','2','admin',to_date('28/11/14','DD/MM/RR'));
Insert into PROINT1.TB_PRD_AUTOR (NB_AUT_IDN,NB_PER_IDN,VR_PAIS_IDN,VR_ADTUSUARIO,DT_ADTFECHA) values ('16','19','1','admin',to_date('28/11/14','DD/MM/RR'));
Insert into PROINT1.TB_PRD_AUTOR (NB_AUT_IDN,NB_PER_IDN,VR_PAIS_IDN,VR_ADTUSUARIO,DT_ADTFECHA) values ('17','20','1','admin',to_date('28/11/14','DD/MM/RR'));
Insert into PROINT1.TB_PRD_AUTOR (NB_AUT_IDN,NB_PER_IDN,VR_PAIS_IDN,VR_ADTUSUARIO,DT_ADTFECHA) values ('18','21','3','admin',to_date('28/11/14','DD/MM/RR'));
REM INSERTING into PROINT1.TB_PRD_AUTORESXPRODUCCION
SET DEFINE OFF;
Insert into PROINT1.TB_PRD_AUTORESXPRODUCCION (NB_PRO_IDN,NB_AUT_IDN,NB_GRU_IDN,VR_ADTUSUARIO,DT_ADTFECHA) values ('3','7','3','123',to_date('01/11/14','DD/MM/RR'));
Insert into PROINT1.TB_PRD_AUTORESXPRODUCCION (NB_PRO_IDN,NB_AUT_IDN,NB_GRU_IDN,VR_ADTUSUARIO,DT_ADTFECHA) values ('1','1','1','123',to_date('02/10/14','DD/MM/RR'));
Insert into PROINT1.TB_PRD_AUTORESXPRODUCCION (NB_PRO_IDN,NB_AUT_IDN,NB_GRU_IDN,VR_ADTUSUARIO,DT_ADTFECHA) values ('2','4','2','123',to_date('02/10/14','DD/MM/RR'));
Insert into PROINT1.TB_PRD_AUTORESXPRODUCCION (NB_PRO_IDN,NB_AUT_IDN,NB_GRU_IDN,VR_ADTUSUARIO,DT_ADTFECHA) values ('4','10','4','123',to_date('09/09/14','DD/MM/RR'));
Insert into PROINT1.TB_PRD_AUTORESXPRODUCCION (NB_PRO_IDN,NB_AUT_IDN,NB_GRU_IDN,VR_ADTUSUARIO,DT_ADTFECHA) values ('5','13','5','123',to_date('20/06/14','DD/MM/RR'));
Insert into PROINT1.TB_PRD_AUTORESXPRODUCCION (NB_PRO_IDN,NB_AUT_IDN,NB_GRU_IDN,VR_ADTUSUARIO,DT_ADTFECHA) values ('6','16','6','123',to_date('20/06/14','DD/MM/RR'));
Insert into PROINT1.TB_PRD_AUTORESXPRODUCCION (NB_PRO_IDN,NB_AUT_IDN,NB_GRU_IDN,VR_ADTUSUARIO,DT_ADTFECHA) values ('7','2','1','123',to_date('01/10/14','DD/MM/RR'));
Insert into PROINT1.TB_PRD_AUTORESXPRODUCCION (NB_PRO_IDN,NB_AUT_IDN,NB_GRU_IDN,VR_ADTUSUARIO,DT_ADTFECHA) values ('8','5','2','123',to_date('23/08/14','DD/MM/RR'));
Insert into PROINT1.TB_PRD_AUTORESXPRODUCCION (NB_PRO_IDN,NB_AUT_IDN,NB_GRU_IDN,VR_ADTUSUARIO,DT_ADTFECHA) values ('1','2','1','123',to_date('07/07/14','DD/MM/RR'));
Insert into PROINT1.TB_PRD_AUTORESXPRODUCCION (NB_PRO_IDN,NB_AUT_IDN,NB_GRU_IDN,VR_ADTUSUARIO,DT_ADTFECHA) values ('2','5','2','123',to_date('12/09/13','DD/MM/RR'));
Insert into PROINT1.TB_PRD_AUTORESXPRODUCCION (NB_PRO_IDN,NB_AUT_IDN,NB_GRU_IDN,VR_ADTUSUARIO,DT_ADTFECHA) values ('3','8','3','123',to_date('12/09/13','DD/MM/RR'));
Insert into PROINT1.TB_PRD_AUTORESXPRODUCCION (NB_PRO_IDN,NB_AUT_IDN,NB_GRU_IDN,VR_ADTUSUARIO,DT_ADTFECHA) values ('4','11','4','123',to_date('12/12/12','DD/MM/RR'));
Insert into PROINT1.TB_PRD_AUTORESXPRODUCCION (NB_PRO_IDN,NB_AUT_IDN,NB_GRU_IDN,VR_ADTUSUARIO,DT_ADTFECHA) values ('5','14','5','123',to_date('12/12/12','DD/MM/RR'));
Insert into PROINT1.TB_PRD_AUTORESXPRODUCCION (NB_PRO_IDN,NB_AUT_IDN,NB_GRU_IDN,VR_ADTUSUARIO,DT_ADTFECHA) values ('6','17','6','123',to_date('12/12/12','DD/MM/RR'));
Insert into PROINT1.TB_PRD_AUTORESXPRODUCCION (NB_PRO_IDN,NB_AUT_IDN,NB_GRU_IDN,VR_ADTUSUARIO,DT_ADTFECHA) values ('7','3','1','123',to_date('12/12/12','DD/MM/RR'));
Insert into PROINT1.TB_PRD_AUTORESXPRODUCCION (NB_PRO_IDN,NB_AUT_IDN,NB_GRU_IDN,VR_ADTUSUARIO,DT_ADTFECHA) values ('8','4','2','123',to_date('10/11/12','DD/MM/RR'));
Insert into PROINT1.TB_PRD_AUTORESXPRODUCCION (NB_PRO_IDN,NB_AUT_IDN,NB_GRU_IDN,VR_ADTUSUARIO,DT_ADTFECHA) values ('1','3','1','123',to_date('12/12/12','DD/MM/RR'));
Insert into PROINT1.TB_PRD_AUTORESXPRODUCCION (NB_PRO_IDN,NB_AUT_IDN,NB_GRU_IDN,VR_ADTUSUARIO,DT_ADTFECHA) values ('2','6','2','123',to_date('12/12/12','DD/MM/RR'));
Insert into PROINT1.TB_PRD_AUTORESXPRODUCCION (NB_PRO_IDN,NB_AUT_IDN,NB_GRU_IDN,VR_ADTUSUARIO,DT_ADTFECHA) values ('3','9','3','123',to_date('12/07/12','DD/MM/RR'));
Insert into PROINT1.TB_PRD_AUTORESXPRODUCCION (NB_PRO_IDN,NB_AUT_IDN,NB_GRU_IDN,VR_ADTUSUARIO,DT_ADTFECHA) values ('4','12','4','123',to_date('02/02/11','DD/MM/RR'));
Insert into PROINT1.TB_PRD_AUTORESXPRODUCCION (NB_PRO_IDN,NB_AUT_IDN,NB_GRU_IDN,VR_ADTUSUARIO,DT_ADTFECHA) values ('5','15','5','123',to_date('10/03/12','DD/MM/RR'));
Insert into PROINT1.TB_PRD_AUTORESXPRODUCCION (NB_PRO_IDN,NB_AUT_IDN,NB_GRU_IDN,VR_ADTUSUARIO,DT_ADTFECHA) values ('6','18','6','123',to_date('10/03/12','DD/MM/RR'));
REM INSERTING into PROINT1.TB_PRD_CAMPOS
SET DEFINE OFF;
Insert into PROINT1.TB_PRD_CAMPOS (NB_IDN,VR_DESCRIPCION,VR_TIPOCAMPO,NB_TAMAÑOCAMPO,NB_DECIMALES,BL_ESTADO,VR_ADTUSUARIO,DT_ADTFECHA) values ('1','TITULO','C','40','0','A','123',to_date('01/10/14','DD/MM/RR'));
Insert into PROINT1.TB_PRD_CAMPOS (NB_IDN,VR_DESCRIPCION,VR_TIPOCAMPO,NB_TAMAÑOCAMPO,NB_DECIMALES,BL_ESTADO,VR_ADTUSUARIO,DT_ADTFECHA) values ('2','SUBTITULO','C','40','0','A','123',to_date('23/09/14','DD/MM/RR'));
Insert into PROINT1.TB_PRD_CAMPOS (NB_IDN,VR_DESCRIPCION,VR_TIPOCAMPO,NB_TAMAÑOCAMPO,NB_DECIMALES,BL_ESTADO,VR_ADTUSUARIO,DT_ADTFECHA) values ('3','CIUDAD','C','30','0','A','1123',to_date('02/10/14','DD/MM/RR'));
Insert into PROINT1.TB_PRD_CAMPOS (NB_IDN,VR_DESCRIPCION,VR_TIPOCAMPO,NB_TAMAÑOCAMPO,NB_DECIMALES,BL_ESTADO,VR_ADTUSUARIO,DT_ADTFECHA) values ('4','AÑO PUBLICACION','F','4','0','A','978',to_date('01/10/14','DD/MM/RR'));
Insert into PROINT1.TB_PRD_CAMPOS (NB_IDN,VR_DESCRIPCION,VR_TIPOCAMPO,NB_TAMAÑOCAMPO,NB_DECIMALES,BL_ESTADO,VR_ADTUSUARIO,DT_ADTFECHA) values ('5','ISBN','C','20','0','A','123',to_date('02/10/14','DD/MM/RR'));
Insert into PROINT1.TB_PRD_CAMPOS (NB_IDN,VR_DESCRIPCION,VR_TIPOCAMPO,NB_TAMAÑOCAMPO,NB_DECIMALES,BL_ESTADO,VR_ADTUSUARIO,DT_ADTFECHA) values ('6','PAGINACION','C','12','0','A','978',to_date('23/09/14','DD/MM/RR'));
Insert into PROINT1.TB_PRD_CAMPOS (NB_IDN,VR_DESCRIPCION,VR_TIPOCAMPO,NB_TAMAÑOCAMPO,NB_DECIMALES,BL_ESTADO,VR_ADTUSUARIO,DT_ADTFECHA) values ('7','TITULO PUBLICACION','C','40','0','A','123',to_date('26/09/14','DD/MM/RR'));
Insert into PROINT1.TB_PRD_CAMPOS (NB_IDN,VR_DESCRIPCION,VR_TIPOCAMPO,NB_TAMAÑOCAMPO,NB_DECIMALES,BL_ESTADO,VR_ADTUSUARIO,DT_ADTFECHA) values ('8','SUBTITULO PUBLICACION','C','40','0','A','978',to_date('02/10/14','DD/MM/RR'));
Insert into PROINT1.TB_PRD_CAMPOS (NB_IDN,VR_DESCRIPCION,VR_TIPOCAMPO,NB_TAMAÑOCAMPO,NB_DECIMALES,BL_ESTADO,VR_ADTUSUARIO,DT_ADTFECHA) values ('9','VOLUMEN','C','10','0','A','123',to_date('01/10/14','DD/MM/RR'));
Insert into PROINT1.TB_PRD_CAMPOS (NB_IDN,VR_DESCRIPCION,VR_TIPOCAMPO,NB_TAMAÑOCAMPO,NB_DECIMALES,BL_ESTADO,VR_ADTUSUARIO,DT_ADTFECHA) values ('10','MES DE ENTREGA','N','2','0','A','123',to_date('04/10/14','DD/MM/RR'));
Insert into PROINT1.TB_PRD_CAMPOS (NB_IDN,VR_DESCRIPCION,VR_TIPOCAMPO,NB_TAMAÑOCAMPO,NB_DECIMALES,BL_ESTADO,VR_ADTUSUARIO,DT_ADTFECHA) values ('11','AÑO DE ENTREGA','N','4','0','A','978',to_date('02/10/14','DD/MM/RR'));
Insert into PROINT1.TB_PRD_CAMPOS (NB_IDN,VR_DESCRIPCION,VR_TIPOCAMPO,NB_TAMAÑOCAMPO,NB_DECIMALES,BL_ESTADO,VR_ADTUSUARIO,DT_ADTFECHA) values ('12','ISSN','C','20','0','A','123',to_date('02/10/14','DD/MM/RR'));
Insert into PROINT1.TB_PRD_CAMPOS (NB_IDN,VR_DESCRIPCION,VR_TIPOCAMPO,NB_TAMAÑOCAMPO,NB_DECIMALES,BL_ESTADO,VR_ADTUSUARIO,DT_ADTFECHA) values ('13','AREA CONOCIMIENTO','C','30','0','A','122',to_date('11/12/12','DD/MM/RR'));
Insert into PROINT1.TB_PRD_CAMPOS (NB_IDN,VR_DESCRIPCION,VR_TIPOCAMPO,NB_TAMAÑOCAMPO,NB_DECIMALES,BL_ESTADO,VR_ADTUSUARIO,DT_ADTFECHA) values ('14','PUBLICACION ORIGINAL','C','30','0','A','123',to_date('22/10/10','DD/MM/RR'));
REM INSERTING into PROINT1.TB_PRD_DETALLEPRODUCCIONES
SET DEFINE OFF;
Insert into PROINT1.TB_PRD_DETALLEPRODUCCIONES (NB_IDN,NB_PRODUCCION_IDN,NB_TIPOPRODUCCIONCAMPOS_IDN,VR_VALOR,BL_ESTADO,VR_ADTUSUARIO,DT_ADTFECHA) values ('1','1','1','TECNICAS 1','A','1123',to_date('02/10/14','DD/MM/RR'));
Insert into PROINT1.TB_PRD_DETALLEPRODUCCIONES (NB_IDN,NB_PRODUCCION_IDN,NB_TIPOPRODUCCIONCAMPOS_IDN,VR_VALOR,BL_ESTADO,VR_ADTUSUARIO,DT_ADTFECHA) values ('2','1','2','INTRODUCCION','A','123',to_date('02/10/14','DD/MM/RR'));
Insert into PROINT1.TB_PRD_DETALLEPRODUCCIONES (NB_IDN,NB_PRODUCCION_IDN,NB_TIPOPRODUCCIONCAMPOS_IDN,VR_VALOR,BL_ESTADO,VR_ADTUSUARIO,DT_ADTFECHA) values ('3','1','3','MEDELLIN','A','123',to_date('02/10/14','DD/MM/RR'));
Insert into PROINT1.TB_PRD_DETALLEPRODUCCIONES (NB_IDN,NB_PRODUCCION_IDN,NB_TIPOPRODUCCIONCAMPOS_IDN,VR_VALOR,BL_ESTADO,VR_ADTUSUARIO,DT_ADTFECHA) values ('4','1','4','2009','A','123',to_date('02/10/14','DD/MM/RR'));
Insert into PROINT1.TB_PRD_DETALLEPRODUCCIONES (NB_IDN,NB_PRODUCCION_IDN,NB_TIPOPRODUCCIONCAMPOS_IDN,VR_VALOR,BL_ESTADO,VR_ADTUSUARIO,DT_ADTFECHA) values ('5','2','7','REDES','A','123',to_date('02/10/14','DD/MM/RR'));
Insert into PROINT1.TB_PRD_DETALLEPRODUCCIONES (NB_IDN,NB_PRODUCCION_IDN,NB_TIPOPRODUCCIONCAMPOS_IDN,VR_VALOR,BL_ESTADO,VR_ADTUSUARIO,DT_ADTFECHA) values ('6','2','9','5','A','123',to_date('02/10/14','DD/MM/RR'));
Insert into PROINT1.TB_PRD_DETALLEPRODUCCIONES (NB_IDN,NB_PRODUCCION_IDN,NB_TIPOPRODUCCIONCAMPOS_IDN,VR_VALOR,BL_ESTADO,VR_ADTUSUARIO,DT_ADTFECHA) values ('7','2','12','17479055','A','123',to_date('02/10/14','DD/MM/RR'));
Insert into PROINT1.TB_PRD_DETALLEPRODUCCIONES (NB_IDN,NB_PRODUCCION_IDN,NB_TIPOPRODUCCIONCAMPOS_IDN,VR_VALOR,BL_ESTADO,VR_ADTUSUARIO,DT_ADTFECHA) values ('8','13','3','MEDELLIN','A','123',to_date('02/10/14','DD/MM/RR'));
Insert into PROINT1.TB_PRD_DETALLEPRODUCCIONES (NB_IDN,NB_PRODUCCION_IDN,NB_TIPOPRODUCCIONCAMPOS_IDN,VR_VALOR,BL_ESTADO,VR_ADTUSUARIO,DT_ADTFECHA) values ('9','13','4','2011','A','123',to_date('02/10/14','DD/MM/RR'));
Insert into PROINT1.TB_PRD_DETALLEPRODUCCIONES (NB_IDN,NB_PRODUCCION_IDN,NB_TIPOPRODUCCIONCAMPOS_IDN,VR_VALOR,BL_ESTADO,VR_ADTUSUARIO,DT_ADTFECHA) values ('10','13','2','PRIMEROS PASOS','A','123',to_date('02/04/14','DD/MM/RR'));
Insert into PROINT1.TB_PRD_DETALLEPRODUCCIONES (NB_IDN,NB_PRODUCCION_IDN,NB_TIPOPRODUCCIONCAMPOS_IDN,VR_VALOR,BL_ESTADO,VR_ADTUSUARIO,DT_ADTFECHA) values ('11','9','1','PRIMEROS APUNTES','A','123',to_date('02/04/14','DD/MM/RR'));
Insert into PROINT1.TB_PRD_DETALLEPRODUCCIONES (NB_IDN,NB_PRODUCCION_IDN,NB_TIPOPRODUCCIONCAMPOS_IDN,VR_VALOR,BL_ESTADO,VR_ADTUSUARIO,DT_ADTFECHA) values ('12','9','2','COMENTARIOS','A','123',to_date('02/04/14','DD/MM/RR'));
Insert into PROINT1.TB_PRD_DETALLEPRODUCCIONES (NB_IDN,NB_PRODUCCION_IDN,NB_TIPOPRODUCCIONCAMPOS_IDN,VR_VALOR,BL_ESTADO,VR_ADTUSUARIO,DT_ADTFECHA) values ('13','9','12','17345677','A','123',to_date('07/02/14','DD/MM/RR'));
Insert into PROINT1.TB_PRD_DETALLEPRODUCCIONES (NB_IDN,NB_PRODUCCION_IDN,NB_TIPOPRODUCCIONCAMPOS_IDN,VR_VALOR,BL_ESTADO,VR_ADTUSUARIO,DT_ADTFECHA) values ('14','10','1','DATOS','A','123',to_date('07/02/14','DD/MM/RR'));
Insert into PROINT1.TB_PRD_DETALLEPRODUCCIONES (NB_IDN,NB_PRODUCCION_IDN,NB_TIPOPRODUCCIONCAMPOS_IDN,VR_VALOR,BL_ESTADO,VR_ADTUSUARIO,DT_ADTFECHA) values ('15','10','12','17890900','A','123',to_date('06/03/14','DD/MM/RR'));
Insert into PROINT1.TB_PRD_DETALLEPRODUCCIONES (NB_IDN,NB_PRODUCCION_IDN,NB_TIPOPRODUCCIONCAMPOS_IDN,VR_VALOR,BL_ESTADO,VR_ADTUSUARIO,DT_ADTFECHA) values ('16','11','12','12345566','A','123',to_date('02/04/14','DD/MM/RR'));
Insert into PROINT1.TB_PRD_DETALLEPRODUCCIONES (NB_IDN,NB_PRODUCCION_IDN,NB_TIPOPRODUCCIONCAMPOS_IDN,VR_VALOR,BL_ESTADO,VR_ADTUSUARIO,DT_ADTFECHA) values ('17','11','4','2010','A','123',to_date('02/04/14','DD/MM/RR'));
Insert into PROINT1.TB_PRD_DETALLEPRODUCCIONES (NB_IDN,NB_PRODUCCION_IDN,NB_TIPOPRODUCCIONCAMPOS_IDN,VR_VALOR,BL_ESTADO,VR_ADTUSUARIO,DT_ADTFECHA) values ('18','12','4','2013','A','123',to_date('02/04/14','DD/MM/RR'));
Insert into PROINT1.TB_PRD_DETALLEPRODUCCIONES (NB_IDN,NB_PRODUCCION_IDN,NB_TIPOPRODUCCIONCAMPOS_IDN,VR_VALOR,BL_ESTADO,VR_ADTUSUARIO,DT_ADTFECHA) values ('19','12','12','9877654','A','123',to_date('02/04/14','DD/MM/RR'));
Insert into PROINT1.TB_PRD_DETALLEPRODUCCIONES (NB_IDN,NB_PRODUCCION_IDN,NB_TIPOPRODUCCIONCAMPOS_IDN,VR_VALOR,BL_ESTADO,VR_ADTUSUARIO,DT_ADTFECHA) values ('20','14','4','2011','A','123',to_date('02/04/14','DD/MM/RR'));
Insert into PROINT1.TB_PRD_DETALLEPRODUCCIONES (NB_IDN,NB_PRODUCCION_IDN,NB_TIPOPRODUCCIONCAMPOS_IDN,VR_VALOR,BL_ESTADO,VR_ADTUSUARIO,DT_ADTFECHA) values ('21','14','12','7654323','A','123',to_date('02/04/14','DD/MM/RR'));
REM INSERTING into PROINT1.TB_PRD_GRUPOINVESTIGACION
SET DEFINE OFF;
Insert into PROINT1.TB_PRD_GRUPOINVESTIGACION (NB_IDN,VR_NOMBRE,VR_ABREVIATURA,DT_FECHACREACION,NB_DIRECTOR,NB_AUXILIAR,BL_ESTADO,DT_FECHARETIRO,VR_ADTUSUARIO,DT_ADTFECHA) values ('1','GEPAR','GEP',to_date('02/09/14','DD/MM/RR'),'9','2','A',null,'11',to_date('02/09/14','DD/MM/RR'));
Insert into PROINT1.TB_PRD_GRUPOINVESTIGACION (NB_IDN,VR_NOMBRE,VR_ABREVIATURA,DT_FECHACREACION,NB_DIRECTOR,NB_AUXILIAR,BL_ESTADO,DT_FECHARETIRO,VR_ADTUSUARIO,DT_ADTFECHA) values ('2','SISTEMAS EMBEBIDOS Y INTELIGENCIA','SIS',to_date('03/09/14','DD/MM/RR'),'6','8','A',null,'11',to_date('02/09/14','DD/MM/RR'));
Insert into PROINT1.TB_PRD_GRUPOINVESTIGACION (NB_IDN,VR_NOMBRE,VR_ABREVIATURA,DT_FECHACREACION,NB_DIRECTOR,NB_AUXILIAR,BL_ESTADO,DT_FECHARETIRO,VR_ADTUSUARIO,DT_ADTFECHA) values ('3','LABORATORIO INTEGRADO SISTEMAS','LIS',to_date('26/11/14','DD/MM/RR'),'7','2','A',null,'admin',to_date('26/11/14','DD/MM/RR'));
Insert into PROINT1.TB_PRD_GRUPOINVESTIGACION (NB_IDN,VR_NOMBRE,VR_ABREVIATURA,DT_FECHACREACION,NB_DIRECTOR,NB_AUXILIAR,BL_ESTADO,DT_FECHARETIRO,VR_ADTUSUARIO,DT_ADTFECHA) values ('4','COMPUTACIÓN MOVIL','COM',to_date('26/11/14','DD/MM/RR'),'3','7','A',null,'admin',to_date('26/11/14','DD/MM/RR'));
Insert into PROINT1.TB_PRD_GRUPOINVESTIGACION (NB_IDN,VR_NOMBRE,VR_ABREVIATURA,DT_FECHACREACION,NB_DIRECTOR,NB_AUXILIAR,BL_ESTADO,DT_FECHARETIRO,VR_ADTUSUARIO,DT_ADTFECHA) values ('5','INTELIGENCIA ARTIFICIAL','ART',to_date('26/11/14','DD/MM/RR'),'5','6','A',null,'admin',to_date('26/11/14','DD/MM/RR'));
Insert into PROINT1.TB_PRD_GRUPOINVESTIGACION (NB_IDN,VR_NOMBRE,VR_ABREVIATURA,DT_FECHACREACION,NB_DIRECTOR,NB_AUXILIAR,BL_ESTADO,DT_FECHARETIRO,VR_ADTUSUARIO,DT_ADTFECHA) values ('6','SEMILLERO DE SISTEMAS','SEM',to_date('27/11/14','DD/MM/RR'),'9','2','I',null,'admin',to_date('27/11/14','DD/MM/RR'));
Insert into PROINT1.TB_PRD_GRUPOINVESTIGACION (NB_IDN,VR_NOMBRE,VR_ABREVIATURA,DT_FECHACREACION,NB_DIRECTOR,NB_AUXILIAR,BL_ESTADO,DT_FECHARETIRO,VR_ADTUSUARIO,DT_ADTFECHA) values ('7','GEPAR','GEP',to_date('02/12/14','DD/MM/RR'),'5','2','A',null,'admin',to_date('02/12/14','DD/MM/RR'));
REM INSERTING into PROINT1.TB_PRD_HISTORIAMIEMBROS
SET DEFINE OFF;
REM INSERTING into PROINT1.TB_PRD_MIEMBROSXGRUPO
SET DEFINE OFF;
Insert into PROINT1.TB_PRD_MIEMBROSXGRUPO (NB_GPI_IDN,NB_AUT_IDN) values ('3','8');
Insert into PROINT1.TB_PRD_MIEMBROSXGRUPO (NB_GPI_IDN,NB_AUT_IDN) values ('3','9');
Insert into PROINT1.TB_PRD_MIEMBROSXGRUPO (NB_GPI_IDN,NB_AUT_IDN) values ('3','7');
Insert into PROINT1.TB_PRD_MIEMBROSXGRUPO (NB_GPI_IDN,NB_AUT_IDN) values ('3','4');
Insert into PROINT1.TB_PRD_MIEMBROSXGRUPO (NB_GPI_IDN,NB_AUT_IDN) values ('2','4');
Insert into PROINT1.TB_PRD_MIEMBROSXGRUPO (NB_GPI_IDN,NB_AUT_IDN) values ('2','5');
Insert into PROINT1.TB_PRD_MIEMBROSXGRUPO (NB_GPI_IDN,NB_AUT_IDN) values ('2','6');
Insert into PROINT1.TB_PRD_MIEMBROSXGRUPO (NB_GPI_IDN,NB_AUT_IDN) values ('4','10');
Insert into PROINT1.TB_PRD_MIEMBROSXGRUPO (NB_GPI_IDN,NB_AUT_IDN) values ('4','11');
Insert into PROINT1.TB_PRD_MIEMBROSXGRUPO (NB_GPI_IDN,NB_AUT_IDN) values ('4','12');
Insert into PROINT1.TB_PRD_MIEMBROSXGRUPO (NB_GPI_IDN,NB_AUT_IDN) values ('5','13');
Insert into PROINT1.TB_PRD_MIEMBROSXGRUPO (NB_GPI_IDN,NB_AUT_IDN) values ('5','14');
Insert into PROINT1.TB_PRD_MIEMBROSXGRUPO (NB_GPI_IDN,NB_AUT_IDN) values ('5','15');
Insert into PROINT1.TB_PRD_MIEMBROSXGRUPO (NB_GPI_IDN,NB_AUT_IDN) values ('6','16');
Insert into PROINT1.TB_PRD_MIEMBROSXGRUPO (NB_GPI_IDN,NB_AUT_IDN) values ('6','17');
Insert into PROINT1.TB_PRD_MIEMBROSXGRUPO (NB_GPI_IDN,NB_AUT_IDN) values ('6','18');
Insert into PROINT1.TB_PRD_MIEMBROSXGRUPO (NB_GPI_IDN,NB_AUT_IDN) values ('1','2');
Insert into PROINT1.TB_PRD_MIEMBROSXGRUPO (NB_GPI_IDN,NB_AUT_IDN) values ('1','1');
Insert into PROINT1.TB_PRD_MIEMBROSXGRUPO (NB_GPI_IDN,NB_AUT_IDN) values ('1','3');
REM INSERTING into PROINT1.TB_PRD_PRODUCCION
SET DEFINE OFF;
Insert into PROINT1.TB_PRD_PRODUCCION (NB_IDN,VR_NOMBREPRODUCCION,DT_FECHAPUBLICACION,NB_TPR_IDN,VR_URL,VR_DOI,BL_ESTADO,VR_ADTUSUARIO,DT_ADTFECHA) values ('1','TECNICAS DE PROGRAMACION',to_date('22/11/13','DD/MM/RR'),'1','http://www.juntadeandalucia.es/averroes/~41009822/inf/fp/Tecnicas%20de%20Programacion%20Estructurada.pdf',null,'A','123',to_date('02/10/14','DD/MM/RR'));
Insert into PROINT1.TB_PRD_PRODUCCION (NB_IDN,VR_NOMBREPRODUCCION,DT_FECHAPUBLICACION,NB_TPR_IDN,VR_URL,VR_DOI,BL_ESTADO,VR_ADTUSUARIO,DT_ADTFECHA) values ('2','REDES NEURONALES',to_date('16/05/05','DD/MM/RR'),'1','www.iac.es/sieinvens/SINFIN/Sie_Courses_PDFs/NNets/confiac.pdf',null,'A','978',to_date('02/10/14','DD/MM/RR'));
Insert into PROINT1.TB_PRD_PRODUCCION (NB_IDN,VR_NOMBREPRODUCCION,DT_FECHAPUBLICACION,NB_TPR_IDN,VR_URL,VR_DOI,BL_ESTADO,VR_ADTUSUARIO,DT_ADTFECHA) values ('3','SCRUM HACIENDO LAS COSAS FACILES',to_date('29/01/14','DD/MM/RR'),'2','http://www.scrummanager.net/files/sm_proyecto.pdf',null,'A','978',to_date('02/10/14','DD/MM/RR'));
Insert into PROINT1.TB_PRD_PRODUCCION (NB_IDN,VR_NOMBREPRODUCCION,DT_FECHAPUBLICACION,NB_TPR_IDN,VR_URL,VR_DOI,BL_ESTADO,VR_ADTUSUARIO,DT_ADTFECHA) values ('4','VOLVIENDO AL INICIO: NODOS ARTIFICIALES',to_date('13/08/13','DD/MM/RR'),'2','http://www.udea.edu.co/portal/page/portal/bEditorialUdeA/catalogo/Catalogo2/catalogo2013PDF/Cat%C3%A1logo%20Editorial%20UdeA%202014-mayo%207.pdf',null,'A','978',to_date('03/10/14','DD/MM/RR'));
Insert into PROINT1.TB_PRD_PRODUCCION (NB_IDN,VR_NOMBREPRODUCCION,DT_FECHAPUBLICACION,NB_TPR_IDN,VR_URL,VR_DOI,BL_ESTADO,VR_ADTUSUARIO,DT_ADTFECHA) values ('5','DISEÑO ESTADISTICOS DE EXPERIMENTOS',to_date('05/09/09','DD/MM/RR'),'1','http://www.ugr.es/~bioestad/_private/cpfund3.pdf','125697642','A','123',to_date('03/10/14','DD/MM/RR'));
Insert into PROINT1.TB_PRD_PRODUCCION (NB_IDN,VR_NOMBREPRODUCCION,DT_FECHAPUBLICACION,NB_TPR_IDN,VR_URL,VR_DOI,BL_ESTADO,VR_ADTUSUARIO,DT_ADTFECHA) values ('9','INTRODUCCION A LA INGENIERIA 2',to_date('03/02/14','DD/MM/RR'),'2',null,null,'A','978',to_date('03/10/14','DD/MM/RR'));
Insert into PROINT1.TB_PRD_PRODUCCION (NB_IDN,VR_NOMBREPRODUCCION,DT_FECHAPUBLICACION,NB_TPR_IDN,VR_URL,VR_DOI,BL_ESTADO,VR_ADTUSUARIO,DT_ADTFECHA) values ('10','CIENCIA DE MATERIALES PARA INGENIEROS',to_date('22/11/13','DD/MM/RR'),'1',null,null,'A','978',to_date('06/12/14','DD/MM/RR'));
Insert into PROINT1.TB_PRD_PRODUCCION (NB_IDN,VR_NOMBREPRODUCCION,DT_FECHAPUBLICACION,NB_TPR_IDN,VR_URL,VR_DOI,BL_ESTADO,VR_ADTUSUARIO,DT_ADTFECHA) values ('11','INTRODUCCION A LA CIENCIA DE MATERIALES',to_date('11/02/13','DD/MM/RR'),'2',null,null,'A','123',to_date('03/10/14','DD/MM/RR'));
Insert into PROINT1.TB_PRD_PRODUCCION (NB_IDN,VR_NOMBREPRODUCCION,DT_FECHAPUBLICACION,NB_TPR_IDN,VR_URL,VR_DOI,BL_ESTADO,VR_ADTUSUARIO,DT_ADTFECHA) values ('12','DISEÑO DE AUTOMATAS',to_date('02/03/14','DD/MM/RR'),'2',null,null,'A','123',to_date('03/04/14','DD/MM/RR'));
Insert into PROINT1.TB_PRD_PRODUCCION (NB_IDN,VR_NOMBREPRODUCCION,DT_FECHAPUBLICACION,NB_TPR_IDN,VR_URL,VR_DOI,BL_ESTADO,VR_ADTUSUARIO,DT_ADTFECHA) values ('13','MAQUINAS Y MECANISMOS',to_date('02/01/12','DD/MM/RR'),'1',null,null,'A','978',to_date('03/04/14','DD/MM/RR'));
Insert into PROINT1.TB_PRD_PRODUCCION (NB_IDN,VR_NOMBREPRODUCCION,DT_FECHAPUBLICACION,NB_TPR_IDN,VR_URL,VR_DOI,BL_ESTADO,VR_ADTUSUARIO,DT_ADTFECHA) values ('14','ELECTRONICA BASICA',to_date('24/05/13','DD/MM/RR'),'1',null,null,'A','978',to_date('03/04/14','DD/MM/RR'));
Insert into PROINT1.TB_PRD_PRODUCCION (NB_IDN,VR_NOMBREPRODUCCION,DT_FECHAPUBLICACION,NB_TPR_IDN,VR_URL,VR_DOI,BL_ESTADO,VR_ADTUSUARIO,DT_ADTFECHA) values ('15','TELECOMUNICACIONES-TECNOLOGIAS DE REDES',to_date('21/02/13','DD/MM/RR'),'1',null,null,'A','978',to_date('03/04/14','DD/MM/RR'));
Insert into PROINT1.TB_PRD_PRODUCCION (NB_IDN,VR_NOMBREPRODUCCION,DT_FECHAPUBLICACION,NB_TPR_IDN,VR_URL,VR_DOI,BL_ESTADO,VR_ADTUSUARIO,DT_ADTFECHA) values ('6','La creatividad personal del entorno laboral',to_date('05/05/12','DD/MM/RR'),'3','http://www.wikipedia.com',null,'A','123',to_date('03/10/14','DD/MM/RR'));
Insert into PROINT1.TB_PRD_PRODUCCION (NB_IDN,VR_NOMBREPRODUCCION,DT_FECHAPUBLICACION,NB_TPR_IDN,VR_URL,VR_DOI,BL_ESTADO,VR_ADTUSUARIO,DT_ADTFECHA) values ('7','El valor de los contenidos culturales',to_date('05/05/12','DD/MM/RR'),'3','http://www.senado.gov.co',null,'A','123',to_date('03/10/14','DD/MM/RR'));
Insert into PROINT1.TB_PRD_PRODUCCION (NB_IDN,VR_NOMBREPRODUCCION,DT_FECHAPUBLICACION,NB_TPR_IDN,VR_URL,VR_DOI,BL_ESTADO,VR_ADTUSUARIO,DT_ADTFECHA) values ('8','La cultura en la reproduccion digital',to_date('05/05/12','DD/MM/RR'),'3','https://www.culturaiberoamerica.org/wp-content/uploads/docs/programa-congreso-cultura.pdf',null,'A','123',to_date('23/11/14','DD/MM/RR'));
REM INSERTING into PROINT1.TB_PRD_TIPOPRODUCCION
SET DEFINE OFF;
Insert into PROINT1.TB_PRD_TIPOPRODUCCION (NB_IDN,VR_DESCRIPCION,BL_ESTADO,VR_ADTUSUARIO,DT_ADTFECHA) values ('1','LIBRO ','A','123',to_date('02/10/14','DD/MM/RR'));
Insert into PROINT1.TB_PRD_TIPOPRODUCCION (NB_IDN,VR_DESCRIPCION,BL_ESTADO,VR_ADTUSUARIO,DT_ADTFECHA) values ('2','PUBLICACION SERIADA','A','978',to_date('02/10/14','DD/MM/RR'));
Insert into PROINT1.TB_PRD_TIPOPRODUCCION (NB_IDN,VR_DESCRIPCION,BL_ESTADO,VR_ADTUSUARIO,DT_ADTFECHA) values ('3','PONENCIA','A','123',to_date('02/10/14','DD/MM/RR'));
Insert into PROINT1.TB_PRD_TIPOPRODUCCION (NB_IDN,VR_DESCRIPCION,BL_ESTADO,VR_ADTUSUARIO,DT_ADTFECHA) values ('4','GUIA UNIVERSITARIA','A','123',to_date('02/10/14','DD/MM/RR'));
Insert into PROINT1.TB_PRD_TIPOPRODUCCION (NB_IDN,VR_DESCRIPCION,BL_ESTADO,VR_ADTUSUARIO,DT_ADTFECHA) values ('5','CAP DE LIBRO','A','123',to_date('02/10/14','DD/MM/RR'));
Insert into PROINT1.TB_PRD_TIPOPRODUCCION (NB_IDN,VR_DESCRIPCION,BL_ESTADO,VR_ADTUSUARIO,DT_ADTFECHA) values ('6','TRADU. DE OBRA ','A','123',to_date('02/10/14','DD/MM/RR'));
Insert into PROINT1.TB_PRD_TIPOPRODUCCION (NB_IDN,VR_DESCRIPCION,BL_ESTADO,VR_ADTUSUARIO,DT_ADTFECHA) values ('7','PATENTE DE INVENCION','A','123',to_date('02/10/14','DD/MM/RR'));
REM INSERTING into PROINT1.TB_PRD_TIPOPRODUCCIONESXCAMPO
SET DEFINE OFF;
Insert into PROINT1.TB_PRD_TIPOPRODUCCIONESXCAMPO (NB_IDN,NB_TIPOPRODUCCION_IDN,NB_CAMPO_IDN,BL_ESTADO,VR_ADTUSUARIO,DT_ADTFECHA,BL_CAMPOOBLIGATORIO) values ('1','1','1','A','123',to_date('04/10/14','DD/MM/RR'),'T');
Insert into PROINT1.TB_PRD_TIPOPRODUCCIONESXCAMPO (NB_IDN,NB_TIPOPRODUCCION_IDN,NB_CAMPO_IDN,BL_ESTADO,VR_ADTUSUARIO,DT_ADTFECHA,BL_CAMPOOBLIGATORIO) values ('2','1','2','A','1123',to_date('04/10/14','DD/MM/RR'),'F');
Insert into PROINT1.TB_PRD_TIPOPRODUCCIONESXCAMPO (NB_IDN,NB_TIPOPRODUCCION_IDN,NB_CAMPO_IDN,BL_ESTADO,VR_ADTUSUARIO,DT_ADTFECHA,BL_CAMPOOBLIGATORIO) values ('3','1','3','A','123',to_date('02/10/14','DD/MM/RR'),'T');
Insert into PROINT1.TB_PRD_TIPOPRODUCCIONESXCAMPO (NB_IDN,NB_TIPOPRODUCCION_IDN,NB_CAMPO_IDN,BL_ESTADO,VR_ADTUSUARIO,DT_ADTFECHA,BL_CAMPOOBLIGATORIO) values ('4','1','4','A','978',to_date('03/10/14','DD/MM/RR'),'T');
Insert into PROINT1.TB_PRD_TIPOPRODUCCIONESXCAMPO (NB_IDN,NB_TIPOPRODUCCION_IDN,NB_CAMPO_IDN,BL_ESTADO,VR_ADTUSUARIO,DT_ADTFECHA,BL_CAMPOOBLIGATORIO) values ('5','1','5','A','234',to_date('03/10/14','DD/MM/RR'),'F');
Insert into PROINT1.TB_PRD_TIPOPRODUCCIONESXCAMPO (NB_IDN,NB_TIPOPRODUCCION_IDN,NB_CAMPO_IDN,BL_ESTADO,VR_ADTUSUARIO,DT_ADTFECHA,BL_CAMPOOBLIGATORIO) values ('6','1','6','A','123',to_date('03/10/14','DD/MM/RR'),'F');
Insert into PROINT1.TB_PRD_TIPOPRODUCCIONESXCAMPO (NB_IDN,NB_TIPOPRODUCCION_IDN,NB_CAMPO_IDN,BL_ESTADO,VR_ADTUSUARIO,DT_ADTFECHA,BL_CAMPOOBLIGATORIO) values ('7','2','1','A','1123',to_date('03/10/14','DD/MM/RR'),'T');
Insert into PROINT1.TB_PRD_TIPOPRODUCCIONESXCAMPO (NB_IDN,NB_TIPOPRODUCCION_IDN,NB_CAMPO_IDN,BL_ESTADO,VR_ADTUSUARIO,DT_ADTFECHA,BL_CAMPOOBLIGATORIO) values ('8','2','2','A','978',to_date('03/10/14','DD/MM/RR'),'F');
Insert into PROINT1.TB_PRD_TIPOPRODUCCIONESXCAMPO (NB_IDN,NB_TIPOPRODUCCION_IDN,NB_CAMPO_IDN,BL_ESTADO,VR_ADTUSUARIO,DT_ADTFECHA,BL_CAMPOOBLIGATORIO) values ('9','2','7','A','978',to_date('03/10/14','DD/MM/RR'),'T');
Insert into PROINT1.TB_PRD_TIPOPRODUCCIONESXCAMPO (NB_IDN,NB_TIPOPRODUCCION_IDN,NB_CAMPO_IDN,BL_ESTADO,VR_ADTUSUARIO,DT_ADTFECHA,BL_CAMPOOBLIGATORIO) values ('10','2','8','A','123',to_date('03/10/14','DD/MM/RR'),'F');
Insert into PROINT1.TB_PRD_TIPOPRODUCCIONESXCAMPO (NB_IDN,NB_TIPOPRODUCCION_IDN,NB_CAMPO_IDN,BL_ESTADO,VR_ADTUSUARIO,DT_ADTFECHA,BL_CAMPOOBLIGATORIO) values ('11','2','9','A','1123',to_date('03/10/14','DD/MM/RR'),'F');
Insert into PROINT1.TB_PRD_TIPOPRODUCCIONESXCAMPO (NB_IDN,NB_TIPOPRODUCCION_IDN,NB_CAMPO_IDN,BL_ESTADO,VR_ADTUSUARIO,DT_ADTFECHA,BL_CAMPOOBLIGATORIO) values ('12','2','10','A','123',to_date('03/10/14','DD/MM/RR'),'F');
Insert into PROINT1.TB_PRD_TIPOPRODUCCIONESXCAMPO (NB_IDN,NB_TIPOPRODUCCION_IDN,NB_CAMPO_IDN,BL_ESTADO,VR_ADTUSUARIO,DT_ADTFECHA,BL_CAMPOOBLIGATORIO) values ('13','2','11','A','123',to_date('03/10/14','DD/MM/RR'),'F');
Insert into PROINT1.TB_PRD_TIPOPRODUCCIONESXCAMPO (NB_IDN,NB_TIPOPRODUCCION_IDN,NB_CAMPO_IDN,BL_ESTADO,VR_ADTUSUARIO,DT_ADTFECHA,BL_CAMPOOBLIGATORIO) values ('14','2','12','A','1123',to_date('03/10/14','DD/MM/RR'),'F');
Insert into PROINT1.TB_PRD_TIPOPRODUCCIONESXCAMPO (NB_IDN,NB_TIPOPRODUCCION_IDN,NB_CAMPO_IDN,BL_ESTADO,VR_ADTUSUARIO,DT_ADTFECHA,BL_CAMPOOBLIGATORIO) values ('15','3','1','A','978',to_date('03/10/14','DD/MM/RR'),'T');
Insert into PROINT1.TB_PRD_TIPOPRODUCCIONESXCAMPO (NB_IDN,NB_TIPOPRODUCCION_IDN,NB_CAMPO_IDN,BL_ESTADO,VR_ADTUSUARIO,DT_ADTFECHA,BL_CAMPOOBLIGATORIO) values ('16','3','5','A','987',to_date('03/10/14','DD/MM/RR'),'T');
Insert into PROINT1.TB_PRD_TIPOPRODUCCIONESXCAMPO (NB_IDN,NB_TIPOPRODUCCION_IDN,NB_CAMPO_IDN,BL_ESTADO,VR_ADTUSUARIO,DT_ADTFECHA,BL_CAMPOOBLIGATORIO) values ('17','3','4','A','987',to_date('03/10/14','DD/MM/RR'),'F');
Insert into PROINT1.TB_PRD_TIPOPRODUCCIONESXCAMPO (NB_IDN,NB_TIPOPRODUCCION_IDN,NB_CAMPO_IDN,BL_ESTADO,VR_ADTUSUARIO,DT_ADTFECHA,BL_CAMPOOBLIGATORIO) values ('18','3','3','A','122',to_date('12/12/13','DD/MM/RR'),'T');
Insert into PROINT1.TB_PRD_TIPOPRODUCCIONESXCAMPO (NB_IDN,NB_TIPOPRODUCCION_IDN,NB_CAMPO_IDN,BL_ESTADO,VR_ADTUSUARIO,DT_ADTFECHA,BL_CAMPOOBLIGATORIO) values ('19','3','13','A','123',to_date('12/12/12','DD/MM/RR'),'T');
Insert into PROINT1.TB_PRD_TIPOPRODUCCIONESXCAMPO (NB_IDN,NB_TIPOPRODUCCION_IDN,NB_CAMPO_IDN,BL_ESTADO,VR_ADTUSUARIO,DT_ADTFECHA,BL_CAMPOOBLIGATORIO) values ('20','4','1','A','123',to_date('12/12/12','DD/MM/RR'),'T');
Insert into PROINT1.TB_PRD_TIPOPRODUCCIONESXCAMPO (NB_IDN,NB_TIPOPRODUCCION_IDN,NB_CAMPO_IDN,BL_ESTADO,VR_ADTUSUARIO,DT_ADTFECHA,BL_CAMPOOBLIGATORIO) values ('21','4','9','A','123',to_date('12/12/12','DD/MM/RR'),'T');
Insert into PROINT1.TB_PRD_TIPOPRODUCCIONESXCAMPO (NB_IDN,NB_TIPOPRODUCCION_IDN,NB_CAMPO_IDN,BL_ESTADO,VR_ADTUSUARIO,DT_ADTFECHA,BL_CAMPOOBLIGATORIO) values ('22','4','10','A','112',to_date('11/11/11','DD/MM/RR'),'T');
Insert into PROINT1.TB_PRD_TIPOPRODUCCIONESXCAMPO (NB_IDN,NB_TIPOPRODUCCION_IDN,NB_CAMPO_IDN,BL_ESTADO,VR_ADTUSUARIO,DT_ADTFECHA,BL_CAMPOOBLIGATORIO) values ('23','4','13','A','112',to_date('11/11/11','DD/MM/RR'),'T');
Insert into PROINT1.TB_PRD_TIPOPRODUCCIONESXCAMPO (NB_IDN,NB_TIPOPRODUCCION_IDN,NB_CAMPO_IDN,BL_ESTADO,VR_ADTUSUARIO,DT_ADTFECHA,BL_CAMPOOBLIGATORIO) values ('24','5','1','A','1111',to_date('11/11/11','DD/MM/RR'),'T');
Insert into PROINT1.TB_PRD_TIPOPRODUCCIONESXCAMPO (NB_IDN,NB_TIPOPRODUCCION_IDN,NB_CAMPO_IDN,BL_ESTADO,VR_ADTUSUARIO,DT_ADTFECHA,BL_CAMPOOBLIGATORIO) values ('25','5','9','A','232',to_date('10/10/10','DD/MM/RR'),'T');
Insert into PROINT1.TB_PRD_TIPOPRODUCCIONESXCAMPO (NB_IDN,NB_TIPOPRODUCCION_IDN,NB_CAMPO_IDN,BL_ESTADO,VR_ADTUSUARIO,DT_ADTFECHA,BL_CAMPOOBLIGATORIO) values ('26','5','10','A','122',to_date('10/10/10','DD/MM/RR'),'T');
Insert into PROINT1.TB_PRD_TIPOPRODUCCIONESXCAMPO (NB_IDN,NB_TIPOPRODUCCION_IDN,NB_CAMPO_IDN,BL_ESTADO,VR_ADTUSUARIO,DT_ADTFECHA,BL_CAMPOOBLIGATORIO) values ('27','5','13','A','123',to_date('12/12/12','DD/MM/RR'),'T');
Insert into PROINT1.TB_PRD_TIPOPRODUCCIONESXCAMPO (NB_IDN,NB_TIPOPRODUCCION_IDN,NB_CAMPO_IDN,BL_ESTADO,VR_ADTUSUARIO,DT_ADTFECHA,BL_CAMPOOBLIGATORIO) values ('28','6','14','A','1223',to_date('12/12/12','DD/MM/RR'),'T');
Insert into PROINT1.TB_PRD_TIPOPRODUCCIONESXCAMPO (NB_IDN,NB_TIPOPRODUCCION_IDN,NB_CAMPO_IDN,BL_ESTADO,VR_ADTUSUARIO,DT_ADTFECHA,BL_CAMPOOBLIGATORIO) values ('30','6','1','A','123',to_date('12/12/12','DD/MM/RR'),'T');
Insert into PROINT1.TB_PRD_TIPOPRODUCCIONESXCAMPO (NB_IDN,NB_TIPOPRODUCCION_IDN,NB_CAMPO_IDN,BL_ESTADO,VR_ADTUSUARIO,DT_ADTFECHA,BL_CAMPOOBLIGATORIO) values ('31','6','2','A','123',to_date('12/12/12','DD/MM/RR'),'T');
Insert into PROINT1.TB_PRD_TIPOPRODUCCIONESXCAMPO (NB_IDN,NB_TIPOPRODUCCION_IDN,NB_CAMPO_IDN,BL_ESTADO,VR_ADTUSUARIO,DT_ADTFECHA,BL_CAMPOOBLIGATORIO) values ('32','6','4','A','123',to_date('11/11/11','DD/MM/RR'),'T');
--------------------------------------------------------
--  DDL for Index ACTA_PK
--------------------------------------------------------

  CREATE UNIQUE INDEX "PROINT1"."ACTA_PK" ON "PROINT1"."TB_MIC_ACTA" ("NB_ACT_IDN") 
  PCTFREE 10 INITRANS 2 MAXTRANS 255 COMPUTE STATISTICS 
  STORAGE(INITIAL 65536 NEXT 1048576 MINEXTENTS 1 MAXEXTENTS 2147483645
  PCTINCREASE 0 FREELISTS 1 FREELIST GROUPS 1 BUFFER_POOL DEFAULT FLASH_CACHE DEFAULT CELL_FLASH_CACHE DEFAULT)
  TABLESPACE "APEX_4876023932912102" ;
--------------------------------------------------------
--  DDL for Index ACTIVIDAD_PK
--------------------------------------------------------

  CREATE UNIQUE INDEX "PROINT1"."ACTIVIDAD_PK" ON "PROINT1"."TB_ACT_TIPO_ACTIVIDAD" ("NB_TAC_IDN") 
  PCTFREE 10 INITRANS 2 MAXTRANS 255 COMPUTE STATISTICS 
  STORAGE(INITIAL 65536 NEXT 1048576 MINEXTENTS 1 MAXEXTENTS 2147483645
  PCTINCREASE 0 FREELISTS 1 FREELIST GROUPS 1 BUFFER_POOL DEFAULT FLASH_CACHE DEFAULT CELL_FLASH_CACHE DEFAULT)
  TABLESPACE "APEX_4876023932912102" ;
--------------------------------------------------------
--  DDL for Index APEX$_ACL_IDX1
--------------------------------------------------------

  CREATE INDEX "PROINT1"."APEX$_ACL_IDX1" ON "PROINT1"."APEX$_ACL" ("WS_APP_ID") 
  PCTFREE 10 INITRANS 2 MAXTRANS 255 COMPUTE STATISTICS 
  STORAGE(INITIAL 65536 NEXT 1048576 MINEXTENTS 1 MAXEXTENTS 2147483645
  PCTINCREASE 0 FREELISTS 1 FREELIST GROUPS 1 BUFFER_POOL DEFAULT FLASH_CACHE DEFAULT CELL_FLASH_CACHE DEFAULT)
  TABLESPACE "APEX_4876023932912102" ;
--------------------------------------------------------
--  DDL for Index APEX$_ACL_PK
--------------------------------------------------------

  CREATE UNIQUE INDEX "PROINT1"."APEX$_ACL_PK" ON "PROINT1"."APEX$_ACL" ("ID") 
  PCTFREE 10 INITRANS 2 MAXTRANS 255 COMPUTE STATISTICS 
  STORAGE(INITIAL 65536 NEXT 1048576 MINEXTENTS 1 MAXEXTENTS 2147483645
  PCTINCREASE 0 FREELISTS 1 FREELIST GROUPS 1 BUFFER_POOL DEFAULT FLASH_CACHE DEFAULT CELL_FLASH_CACHE DEFAULT)
  TABLESPACE "APEX_4876023932912102" ;
--------------------------------------------------------
--  DDL for Index APEX$_WS_FILES_IDX1
--------------------------------------------------------

  CREATE INDEX "PROINT1"."APEX$_WS_FILES_IDX1" ON "PROINT1"."APEX$_WS_FILES" ("WS_APP_ID", "DATA_GRID_ID", "ROW_ID") 
  PCTFREE 10 INITRANS 2 MAXTRANS 255 COMPUTE STATISTICS 
  STORAGE(INITIAL 65536 NEXT 1048576 MINEXTENTS 1 MAXEXTENTS 2147483645
  PCTINCREASE 0 FREELISTS 1 FREELIST GROUPS 1 BUFFER_POOL DEFAULT FLASH_CACHE DEFAULT CELL_FLASH_CACHE DEFAULT)
  TABLESPACE "APEX_4876023932912102" ;
--------------------------------------------------------
--  DDL for Index APEX$_WS_FILES_IDX2
--------------------------------------------------------

  CREATE INDEX "PROINT1"."APEX$_WS_FILES_IDX2" ON "PROINT1"."APEX$_WS_FILES" ("WS_APP_ID", "WEBPAGE_ID") 
  PCTFREE 10 INITRANS 2 MAXTRANS 255 COMPUTE STATISTICS 
  STORAGE(INITIAL 65536 NEXT 1048576 MINEXTENTS 1 MAXEXTENTS 2147483645
  PCTINCREASE 0 FREELISTS 1 FREELIST GROUPS 1 BUFFER_POOL DEFAULT FLASH_CACHE DEFAULT CELL_FLASH_CACHE DEFAULT)
  TABLESPACE "APEX_4876023932912102" ;
--------------------------------------------------------
--  DDL for Index APEX$_WS_FILES_PK
--------------------------------------------------------

  CREATE UNIQUE INDEX "PROINT1"."APEX$_WS_FILES_PK" ON "PROINT1"."APEX$_WS_FILES" ("ID") 
  PCTFREE 10 INITRANS 2 MAXTRANS 255 COMPUTE STATISTICS 
  STORAGE(INITIAL 65536 NEXT 1048576 MINEXTENTS 1 MAXEXTENTS 2147483645
  PCTINCREASE 0 FREELISTS 1 FREELIST GROUPS 1 BUFFER_POOL DEFAULT FLASH_CACHE DEFAULT CELL_FLASH_CACHE DEFAULT)
  TABLESPACE "APEX_4876023932912102" ;
--------------------------------------------------------
--  DDL for Index APEX$_WS_HISTORY_IDX
--------------------------------------------------------

  CREATE INDEX "PROINT1"."APEX$_WS_HISTORY_IDX" ON "PROINT1"."APEX$_WS_HISTORY" ("WS_APP_ID", "DATA_GRID_ID", "ROW_ID") 
  PCTFREE 10 INITRANS 2 MAXTRANS 255 COMPUTE STATISTICS 
  STORAGE(INITIAL 65536 NEXT 1048576 MINEXTENTS 1 MAXEXTENTS 2147483645
  PCTINCREASE 0 FREELISTS 1 FREELIST GROUPS 1 BUFFER_POOL DEFAULT FLASH_CACHE DEFAULT CELL_FLASH_CACHE DEFAULT)
  TABLESPACE "APEX_4876023932912102" ;
--------------------------------------------------------
--  DDL for Index APEX$_WS_LINKS_IDX1
--------------------------------------------------------

  CREATE INDEX "PROINT1"."APEX$_WS_LINKS_IDX1" ON "PROINT1"."APEX$_WS_LINKS" ("WS_APP_ID", "DATA_GRID_ID", "ROW_ID") 
  PCTFREE 10 INITRANS 2 MAXTRANS 255 COMPUTE STATISTICS 
  STORAGE(INITIAL 65536 NEXT 1048576 MINEXTENTS 1 MAXEXTENTS 2147483645
  PCTINCREASE 0 FREELISTS 1 FREELIST GROUPS 1 BUFFER_POOL DEFAULT FLASH_CACHE DEFAULT CELL_FLASH_CACHE DEFAULT)
  TABLESPACE "APEX_4876023932912102" ;
--------------------------------------------------------
--  DDL for Index APEX$_WS_LINKS_IDX2
--------------------------------------------------------

  CREATE INDEX "PROINT1"."APEX$_WS_LINKS_IDX2" ON "PROINT1"."APEX$_WS_LINKS" ("WS_APP_ID", "WEBPAGE_ID") 
  PCTFREE 10 INITRANS 2 MAXTRANS 255 COMPUTE STATISTICS 
  STORAGE(INITIAL 65536 NEXT 1048576 MINEXTENTS 1 MAXEXTENTS 2147483645
  PCTINCREASE 0 FREELISTS 1 FREELIST GROUPS 1 BUFFER_POOL DEFAULT FLASH_CACHE DEFAULT CELL_FLASH_CACHE DEFAULT)
  TABLESPACE "APEX_4876023932912102" ;
--------------------------------------------------------
--  DDL for Index APEX$_WS_LINKS_PK
--------------------------------------------------------

  CREATE UNIQUE INDEX "PROINT1"."APEX$_WS_LINKS_PK" ON "PROINT1"."APEX$_WS_LINKS" ("ID") 
  PCTFREE 10 INITRANS 2 MAXTRANS 255 COMPUTE STATISTICS 
  STORAGE(INITIAL 65536 NEXT 1048576 MINEXTENTS 1 MAXEXTENTS 2147483645
  PCTINCREASE 0 FREELISTS 1 FREELIST GROUPS 1 BUFFER_POOL DEFAULT FLASH_CACHE DEFAULT CELL_FLASH_CACHE DEFAULT)
  TABLESPACE "APEX_4876023932912102" ;
--------------------------------------------------------
--  DDL for Index APEX$_WS_NOTES_IDX1
--------------------------------------------------------

  CREATE INDEX "PROINT1"."APEX$_WS_NOTES_IDX1" ON "PROINT1"."APEX$_WS_NOTES" ("WS_APP_ID", "DATA_GRID_ID", "ROW_ID") 
  PCTFREE 10 INITRANS 2 MAXTRANS 255 COMPUTE STATISTICS 
  STORAGE(INITIAL 65536 NEXT 1048576 MINEXTENTS 1 MAXEXTENTS 2147483645
  PCTINCREASE 0 FREELISTS 1 FREELIST GROUPS 1 BUFFER_POOL DEFAULT FLASH_CACHE DEFAULT CELL_FLASH_CACHE DEFAULT)
  TABLESPACE "APEX_4876023932912102" ;
--------------------------------------------------------
--  DDL for Index APEX$_WS_NOTES_IDX2
--------------------------------------------------------

  CREATE INDEX "PROINT1"."APEX$_WS_NOTES_IDX2" ON "PROINT1"."APEX$_WS_NOTES" ("WS_APP_ID", "WEBPAGE_ID") 
  PCTFREE 10 INITRANS 2 MAXTRANS 255 COMPUTE STATISTICS 
  STORAGE(INITIAL 65536 NEXT 1048576 MINEXTENTS 1 MAXEXTENTS 2147483645
  PCTINCREASE 0 FREELISTS 1 FREELIST GROUPS 1 BUFFER_POOL DEFAULT FLASH_CACHE DEFAULT CELL_FLASH_CACHE DEFAULT)
  TABLESPACE "APEX_4876023932912102" ;
--------------------------------------------------------
--  DDL for Index APEX$_WS_NOTES_PK
--------------------------------------------------------

  CREATE UNIQUE INDEX "PROINT1"."APEX$_WS_NOTES_PK" ON "PROINT1"."APEX$_WS_NOTES" ("ID") 
  PCTFREE 10 INITRANS 2 MAXTRANS 255 COMPUTE STATISTICS 
  STORAGE(INITIAL 65536 NEXT 1048576 MINEXTENTS 1 MAXEXTENTS 2147483645
  PCTINCREASE 0 FREELISTS 1 FREELIST GROUPS 1 BUFFER_POOL DEFAULT FLASH_CACHE DEFAULT CELL_FLASH_CACHE DEFAULT)
  TABLESPACE "APEX_4876023932912102" ;
--------------------------------------------------------
--  DDL for Index APEX$_WS_ROWS_IDX
--------------------------------------------------------

  CREATE INDEX "PROINT1"."APEX$_WS_ROWS_IDX" ON "PROINT1"."APEX$_WS_ROWS" ("WS_APP_ID", "DATA_GRID_ID") 
  PCTFREE 10 INITRANS 2 MAXTRANS 255 COMPUTE STATISTICS 
  STORAGE(INITIAL 65536 NEXT 1048576 MINEXTENTS 1 MAXEXTENTS 2147483645
  PCTINCREASE 0 FREELISTS 1 FREELIST GROUPS 1 BUFFER_POOL DEFAULT FLASH_CACHE DEFAULT CELL_FLASH_CACHE DEFAULT)
  TABLESPACE "APEX_4876023932912102" ;
--------------------------------------------------------
--  DDL for Index APEX$_WS_ROWS_PK
--------------------------------------------------------

  CREATE UNIQUE INDEX "PROINT1"."APEX$_WS_ROWS_PK" ON "PROINT1"."APEX$_WS_ROWS" ("ID") 
  PCTFREE 10 INITRANS 2 MAXTRANS 255 COMPUTE STATISTICS 
  STORAGE(INITIAL 65536 NEXT 1048576 MINEXTENTS 1 MAXEXTENTS 2147483645
  PCTINCREASE 0 FREELISTS 1 FREELIST GROUPS 1 BUFFER_POOL DEFAULT FLASH_CACHE DEFAULT CELL_FLASH_CACHE DEFAULT)
  TABLESPACE "APEX_4876023932912102" ;
--------------------------------------------------------
--  DDL for Index APEX$_WS_TAGS_IDX1
--------------------------------------------------------

  CREATE INDEX "PROINT1"."APEX$_WS_TAGS_IDX1" ON "PROINT1"."APEX$_WS_TAGS" ("WS_APP_ID", "DATA_GRID_ID", "ROW_ID") 
  PCTFREE 10 INITRANS 2 MAXTRANS 255 COMPUTE STATISTICS 
  STORAGE(INITIAL 65536 NEXT 1048576 MINEXTENTS 1 MAXEXTENTS 2147483645
  PCTINCREASE 0 FREELISTS 1 FREELIST GROUPS 1 BUFFER_POOL DEFAULT FLASH_CACHE DEFAULT CELL_FLASH_CACHE DEFAULT)
  TABLESPACE "APEX_4876023932912102" ;
--------------------------------------------------------
--  DDL for Index APEX$_WS_TAGS_IDX2
--------------------------------------------------------

  CREATE INDEX "PROINT1"."APEX$_WS_TAGS_IDX2" ON "PROINT1"."APEX$_WS_TAGS" ("WS_APP_ID", "WEBPAGE_ID") 
  PCTFREE 10 INITRANS 2 MAXTRANS 255 COMPUTE STATISTICS 
  STORAGE(INITIAL 65536 NEXT 1048576 MINEXTENTS 1 MAXEXTENTS 2147483645
  PCTINCREASE 0 FREELISTS 1 FREELIST GROUPS 1 BUFFER_POOL DEFAULT FLASH_CACHE DEFAULT CELL_FLASH_CACHE DEFAULT)
  TABLESPACE "APEX_4876023932912102" ;
--------------------------------------------------------
--  DDL for Index APEX$_WS_TAGS_PK
--------------------------------------------------------

  CREATE UNIQUE INDEX "PROINT1"."APEX$_WS_TAGS_PK" ON "PROINT1"."APEX$_WS_TAGS" ("ID") 
  PCTFREE 10 INITRANS 2 MAXTRANS 255 COMPUTE STATISTICS 
  STORAGE(INITIAL 65536 NEXT 1048576 MINEXTENTS 1 MAXEXTENTS 2147483645
  PCTINCREASE 0 FREELISTS 1 FREELIST GROUPS 1 BUFFER_POOL DEFAULT FLASH_CACHE DEFAULT CELL_FLASH_CACHE DEFAULT)
  TABLESPACE "APEX_4876023932912102" ;
--------------------------------------------------------
--  DDL for Index APEX$_WS_WEBPG_SECHIST_IDX1
--------------------------------------------------------

  CREATE INDEX "PROINT1"."APEX$_WS_WEBPG_SECHIST_IDX1" ON "PROINT1"."APEX$_WS_WEBPG_SECTION_HISTORY" ("WS_APP_ID", "WEBPAGE_ID", "SECTION_ID") 
  PCTFREE 10 INITRANS 2 MAXTRANS 255 COMPUTE STATISTICS 
  STORAGE(INITIAL 65536 NEXT 1048576 MINEXTENTS 1 MAXEXTENTS 2147483645
  PCTINCREASE 0 FREELISTS 1 FREELIST GROUPS 1 BUFFER_POOL DEFAULT FLASH_CACHE DEFAULT CELL_FLASH_CACHE DEFAULT)
  TABLESPACE "APEX_4876023932912102" ;
--------------------------------------------------------
--  DDL for Index APEX$_WS_WEBPG_SECTIONS_PK
--------------------------------------------------------

  CREATE UNIQUE INDEX "PROINT1"."APEX$_WS_WEBPG_SECTIONS_PK" ON "PROINT1"."APEX$_WS_WEBPG_SECTIONS" ("ID") 
  PCTFREE 10 INITRANS 2 MAXTRANS 255 COMPUTE STATISTICS 
  STORAGE(INITIAL 65536 NEXT 1048576 MINEXTENTS 1 MAXEXTENTS 2147483645
  PCTINCREASE 0 FREELISTS 1 FREELIST GROUPS 1 BUFFER_POOL DEFAULT FLASH_CACHE DEFAULT CELL_FLASH_CACHE DEFAULT)
  TABLESPACE "APEX_4876023932912102" ;
--------------------------------------------------------
--  DDL for Index AUTORESXPRODUCCION_PK
--------------------------------------------------------

  CREATE UNIQUE INDEX "PROINT1"."AUTORESXPRODUCCION_PK" ON "PROINT1"."TB_PRD_AUTORESXPRODUCCION" ("NB_PRO_IDN", "NB_AUT_IDN") 
  PCTFREE 10 INITRANS 2 MAXTRANS 255 COMPUTE STATISTICS 
  STORAGE(INITIAL 65536 NEXT 1048576 MINEXTENTS 1 MAXEXTENTS 2147483645
  PCTINCREASE 0 FREELISTS 1 FREELIST GROUPS 1 BUFFER_POOL DEFAULT FLASH_CACHE DEFAULT CELL_FLASH_CACHE DEFAULT)
  TABLESPACE "APEX_4876023932912102" ;
--------------------------------------------------------
--  DDL for Index AUTOR_PK
--------------------------------------------------------

  CREATE UNIQUE INDEX "PROINT1"."AUTOR_PK" ON "PROINT1"."TB_PRD_AUTOR" ("NB_AUT_IDN") 
  PCTFREE 10 INITRANS 2 MAXTRANS 255 COMPUTE STATISTICS 
  STORAGE(INITIAL 65536 NEXT 1048576 MINEXTENTS 1 MAXEXTENTS 2147483645
  PCTINCREASE 0 FREELISTS 1 FREELIST GROUPS 1 BUFFER_POOL DEFAULT FLASH_CACHE DEFAULT CELL_FLASH_CACHE DEFAULT)
  TABLESPACE "APEX_4876023932912102" ;
--------------------------------------------------------
--  DDL for Index CURSO_PK
--------------------------------------------------------

  CREATE UNIQUE INDEX "PROINT1"."CURSO_PK" ON "PROINT1"."TB_ADM_CURSO" ("NB_CUR_IDN") 
  PCTFREE 10 INITRANS 2 MAXTRANS 255 COMPUTE STATISTICS 
  STORAGE(INITIAL 65536 NEXT 1048576 MINEXTENTS 1 MAXEXTENTS 2147483645
  PCTINCREASE 0 FREELISTS 1 FREELIST GROUPS 1 BUFFER_POOL DEFAULT FLASH_CACHE DEFAULT CELL_FLASH_CACHE DEFAULT)
  TABLESPACE "APEX_4876023932912102" ;
--------------------------------------------------------
--  DDL for Index CURSOSXPENSUM_PK
--------------------------------------------------------

  CREATE UNIQUE INDEX "PROINT1"."CURSOSXPENSUM_PK" ON "PROINT1"."TB_MIC_CURSOSXPENSUM" ("NB_CPE_IDN") 
  PCTFREE 10 INITRANS 2 MAXTRANS 255 COMPUTE STATISTICS 
  STORAGE(INITIAL 65536 NEXT 1048576 MINEXTENTS 1 MAXEXTENTS 2147483645
  PCTINCREASE 0 FREELISTS 1 FREELIST GROUPS 1 BUFFER_POOL DEFAULT FLASH_CACHE DEFAULT CELL_FLASH_CACHE DEFAULT)
  TABLESPACE "APEX_4876023932912102" ;
--------------------------------------------------------
--  DDL for Index DOCENTE_PK
--------------------------------------------------------

  CREATE UNIQUE INDEX "PROINT1"."DOCENTE_PK" ON "PROINT1"."TB_ADM_DOCENTE" ("NB_DOC_IDN") 
  PCTFREE 10 INITRANS 2 MAXTRANS 255 COMPUTE STATISTICS 
  STORAGE(INITIAL 65536 NEXT 1048576 MINEXTENTS 1 MAXEXTENTS 2147483645
  PCTINCREASE 0 FREELISTS 1 FREELIST GROUPS 1 BUFFER_POOL DEFAULT FLASH_CACHE DEFAULT CELL_FLASH_CACHE DEFAULT)
  TABLESPACE "APEX_4876023932912102" ;
--------------------------------------------------------
--  DDL for Index DOCENTEXGRUPO_PK
--------------------------------------------------------

  CREATE UNIQUE INDEX "PROINT1"."DOCENTEXGRUPO_PK" ON "PROINT1"."TB_ACT_DOCENTEXGRUPO" ("NB_DOG_IDN") 
  PCTFREE 10 INITRANS 2 MAXTRANS 255 COMPUTE STATISTICS 
  STORAGE(INITIAL 65536 NEXT 1048576 MINEXTENTS 1 MAXEXTENTS 2147483645
  PCTINCREASE 0 FREELISTS 1 FREELIST GROUPS 1 BUFFER_POOL DEFAULT FLASH_CACHE DEFAULT CELL_FLASH_CACHE DEFAULT)
  TABLESPACE "APEX_4876023932912102" ;
--------------------------------------------------------
--  DDL for Index ESTUDIANTE_PK
--------------------------------------------------------

  CREATE UNIQUE INDEX "PROINT1"."ESTUDIANTE_PK" ON "PROINT1"."TB_ADM_ESTUDIANTE" ("NB_EST_IDN") 
  PCTFREE 10 INITRANS 2 MAXTRANS 255 COMPUTE STATISTICS 
  STORAGE(INITIAL 65536 NEXT 1048576 MINEXTENTS 1 MAXEXTENTS 2147483645
  PCTINCREASE 0 FREELISTS 1 FREELIST GROUPS 1 BUFFER_POOL DEFAULT FLASH_CACHE DEFAULT CELL_FLASH_CACHE DEFAULT)
  TABLESPACE "APEX_4876023932912102" ;
--------------------------------------------------------
--  DDL for Index FUNCIONALIDAD_PK
--------------------------------------------------------

  CREATE UNIQUE INDEX "PROINT1"."FUNCIONALIDAD_PK" ON "PROINT1"."TB_ADM_RECURSO" ("NB_REC_IDN") 
  PCTFREE 10 INITRANS 2 MAXTRANS 255 COMPUTE STATISTICS 
  STORAGE(INITIAL 65536 NEXT 1048576 MINEXTENTS 1 MAXEXTENTS 2147483645
  PCTINCREASE 0 FREELISTS 1 FREELIST GROUPS 1 BUFFER_POOL DEFAULT FLASH_CACHE DEFAULT CELL_FLASH_CACHE DEFAULT)
  TABLESPACE "APEX_4876023932912102" ;
--------------------------------------------------------
--  DDL for Index GEN_TB_ESTADO_SEMESTRE_PK
--------------------------------------------------------

  CREATE UNIQUE INDEX "PROINT1"."GEN_TB_ESTADO_SEMESTRE_PK" ON "PROINT1"."TB_ADM_ESTADO_SEMESTRE" ("VR_ESM_CODIGO") 
  PCTFREE 10 INITRANS 2 MAXTRANS 255 COMPUTE STATISTICS 
  STORAGE(INITIAL 65536 NEXT 1048576 MINEXTENTS 1 MAXEXTENTS 2147483645
  PCTINCREASE 0 FREELISTS 1 FREELIST GROUPS 1 BUFFER_POOL DEFAULT FLASH_CACHE DEFAULT CELL_FLASH_CACHE DEFAULT)
  TABLESPACE "APEX_4876023932912102" ;
--------------------------------------------------------
--  DDL for Index GRUPOINVESTIGACION_PK
--------------------------------------------------------

  CREATE UNIQUE INDEX "PROINT1"."GRUPOINVESTIGACION_PK" ON "PROINT1"."TB_PRD_GRUPOINVESTIGACION" ("NB_IDN") 
  PCTFREE 10 INITRANS 2 MAXTRANS 255 COMPUTE STATISTICS 
  STORAGE(INITIAL 65536 NEXT 1048576 MINEXTENTS 1 MAXEXTENTS 2147483645
  PCTINCREASE 0 FREELISTS 1 FREELIST GROUPS 1 BUFFER_POOL DEFAULT FLASH_CACHE DEFAULT CELL_FLASH_CACHE DEFAULT)
  TABLESPACE "APEX_4876023932912102" ;
--------------------------------------------------------
--  DDL for Index GRUPO_PK
--------------------------------------------------------

  CREATE UNIQUE INDEX "PROINT1"."GRUPO_PK" ON "PROINT1"."TB_ADM_GRUPO" ("NB_GPO_IDN") 
  PCTFREE 10 INITRANS 2 MAXTRANS 255 COMPUTE STATISTICS 
  STORAGE(INITIAL 65536 NEXT 1048576 MINEXTENTS 1 MAXEXTENTS 2147483645
  PCTINCREASE 0 FREELISTS 1 FREELIST GROUPS 1 BUFFER_POOL DEFAULT FLASH_CACHE DEFAULT CELL_FLASH_CACHE DEFAULT)
  TABLESPACE "APEX_4876023932912102" ;
--------------------------------------------------------
--  DDL for Index MATRICULA_PK
--------------------------------------------------------

  CREATE UNIQUE INDEX "PROINT1"."MATRICULA_PK" ON "PROINT1"."TB_ADM_MATRICULA" ("NB_MAT_IDN") 
  PCTFREE 10 INITRANS 2 MAXTRANS 255 COMPUTE STATISTICS 
  STORAGE(INITIAL 65536 NEXT 1048576 MINEXTENTS 1 MAXEXTENTS 2147483645
  PCTINCREASE 0 FREELISTS 1 FREELIST GROUPS 1 BUFFER_POOL DEFAULT FLASH_CACHE DEFAULT CELL_FLASH_CACHE DEFAULT)
  TABLESPACE "APEX_4876023932912102" ;
--------------------------------------------------------
--  DDL for Index MICROCURRICULO_PK
--------------------------------------------------------

  CREATE UNIQUE INDEX "PROINT1"."MICROCURRICULO_PK" ON "PROINT1"."TB_MIC_MICROCURRICULO" ("NB_MIC_IDN") 
  PCTFREE 10 INITRANS 2 MAXTRANS 255 COMPUTE STATISTICS 
  STORAGE(INITIAL 65536 NEXT 1048576 MINEXTENTS 1 MAXEXTENTS 2147483645
  PCTINCREASE 0 FREELISTS 1 FREELIST GROUPS 1 BUFFER_POOL DEFAULT FLASH_CACHE DEFAULT CELL_FLASH_CACHE DEFAULT)
  TABLESPACE "APEX_4876023932912102" ;
--------------------------------------------------------
--  DDL for Index NUCLEOACADEMICO_PK
--------------------------------------------------------

  CREATE UNIQUE INDEX "PROINT1"."NUCLEOACADEMICO_PK" ON "PROINT1"."TB_MIC_NUCLEOACADEMICO" ("NB_NAC_IDN") 
  PCTFREE 10 INITRANS 2 MAXTRANS 255 COMPUTE STATISTICS 
  STORAGE(INITIAL 65536 NEXT 1048576 MINEXTENTS 1 MAXEXTENTS 2147483645
  PCTINCREASE 0 FREELISTS 1 FREELIST GROUPS 1 BUFFER_POOL DEFAULT FLASH_CACHE DEFAULT CELL_FLASH_CACHE DEFAULT)
  TABLESPACE "APEX_4876023932912102" ;
--------------------------------------------------------
--  DDL for Index PERSONA_PK
--------------------------------------------------------

  CREATE UNIQUE INDEX "PROINT1"."PERSONA_PK" ON "PROINT1"."TB_ADM_PERSONA" ("NB_IDN") 
  PCTFREE 10 INITRANS 2 MAXTRANS 255 COMPUTE STATISTICS 
  STORAGE(INITIAL 65536 NEXT 1048576 MINEXTENTS 1 MAXEXTENTS 2147483645
  PCTINCREASE 0 FREELISTS 1 FREELIST GROUPS 1 BUFFER_POOL DEFAULT FLASH_CACHE DEFAULT CELL_FLASH_CACHE DEFAULT)
  TABLESPACE "APEX_4876023932912102" ;
--------------------------------------------------------
--  DDL for Index PRODUCCION_PK
--------------------------------------------------------

  CREATE UNIQUE INDEX "PROINT1"."PRODUCCION_PK" ON "PROINT1"."TB_PRD_PRODUCCION" ("NB_IDN") 
  PCTFREE 10 INITRANS 2 MAXTRANS 255 COMPUTE STATISTICS 
  STORAGE(INITIAL 65536 NEXT 1048576 MINEXTENTS 1 MAXEXTENTS 2147483645
  PCTINCREASE 0 FREELISTS 1 FREELIST GROUPS 1 BUFFER_POOL DEFAULT FLASH_CACHE DEFAULT CELL_FLASH_CACHE DEFAULT)
  TABLESPACE "APEX_4876023932912102" ;
--------------------------------------------------------
--  DDL for Index REPORTEACTIVIDAD_PK
--------------------------------------------------------

  CREATE UNIQUE INDEX "PROINT1"."REPORTEACTIVIDAD_PK" ON "PROINT1"."TB_ACT_REPORTEACTIVIDAD" ("NB_RAC_IDN") 
  PCTFREE 10 INITRANS 2 MAXTRANS 255 COMPUTE STATISTICS 
  STORAGE(INITIAL 65536 NEXT 1048576 MINEXTENTS 1 MAXEXTENTS 2147483645
  PCTINCREASE 0 FREELISTS 1 FREELIST GROUPS 1 BUFFER_POOL DEFAULT FLASH_CACHE DEFAULT CELL_FLASH_CACHE DEFAULT)
  TABLESPACE "APEX_4876023932912102" ;
--------------------------------------------------------
--  DDL for Index ROL_PK
--------------------------------------------------------

  CREATE UNIQUE INDEX "PROINT1"."ROL_PK" ON "PROINT1"."TB_ADM_ROL" ("NB_ROL_IDN") 
  PCTFREE 10 INITRANS 2 MAXTRANS 255 COMPUTE STATISTICS 
  STORAGE(INITIAL 65536 NEXT 1048576 MINEXTENTS 1 MAXEXTENTS 2147483645
  PCTINCREASE 0 FREELISTS 1 FREELIST GROUPS 1 BUFFER_POOL DEFAULT FLASH_CACHE DEFAULT CELL_FLASH_CACHE DEFAULT)
  TABLESPACE "APEX_4876023932912102" ;
--------------------------------------------------------
--  DDL for Index SEMESTRE_PK
--------------------------------------------------------

  CREATE UNIQUE INDEX "PROINT1"."SEMESTRE_PK" ON "PROINT1"."TB_ADM_SEMESTRE" ("NB_SEM_IDN") 
  PCTFREE 10 INITRANS 2 MAXTRANS 255 COMPUTE STATISTICS 
  STORAGE(INITIAL 65536 NEXT 1048576 MINEXTENTS 1 MAXEXTENTS 2147483645
  PCTINCREASE 0 FREELISTS 1 FREELIST GROUPS 1 BUFFER_POOL DEFAULT FLASH_CACHE DEFAULT CELL_FLASH_CACHE DEFAULT)
  TABLESPACE "APEX_4876023932912102" ;
--------------------------------------------------------
--  DDL for Index SEMESTREXCURSO_PK
--------------------------------------------------------

  CREATE UNIQUE INDEX "PROINT1"."SEMESTREXCURSO_PK" ON "PROINT1"."TB_ADM_SEMESTREXCURSO" ("NB_SCU_IDN") 
  PCTFREE 10 INITRANS 2 MAXTRANS 255 COMPUTE STATISTICS 
  STORAGE(INITIAL 65536 NEXT 1048576 MINEXTENTS 1 MAXEXTENTS 2147483645
  PCTINCREASE 0 FREELISTS 1 FREELIST GROUPS 1 BUFFER_POOL DEFAULT FLASH_CACHE DEFAULT CELL_FLASH_CACHE DEFAULT)
  TABLESPACE "APEX_4876023932912102" ;
--------------------------------------------------------
--  DDL for Index TB_ACT_ALERTAS_PK
--------------------------------------------------------

  CREATE UNIQUE INDEX "PROINT1"."TB_ACT_ALERTAS_PK" ON "PROINT1"."TB_ADM_TAREAS_PROGRAMADAS" ("NB_TPR_IDN") 
  PCTFREE 10 INITRANS 2 MAXTRANS 255 COMPUTE STATISTICS 
  STORAGE(INITIAL 65536 NEXT 1048576 MINEXTENTS 1 MAXEXTENTS 2147483645
  PCTINCREASE 0 FREELISTS 1 FREELIST GROUPS 1 BUFFER_POOL DEFAULT FLASH_CACHE DEFAULT CELL_FLASH_CACHE DEFAULT)
  TABLESPACE "APEX_4876023932912102" ;
--------------------------------------------------------
--  DDL for Index TB_ADM_DOCENTESXDEPENDENCIA_PK
--------------------------------------------------------

  CREATE UNIQUE INDEX "PROINT1"."TB_ADM_DOCENTESXDEPENDENCIA_PK" ON "PROINT1"."TB_ADM_DOCENTESXDEPENDENCIA" ("NB_DPD_IDN") 
  PCTFREE 10 INITRANS 2 MAXTRANS 255 COMPUTE STATISTICS 
  STORAGE(INITIAL 65536 NEXT 1048576 MINEXTENTS 1 MAXEXTENTS 2147483645
  PCTINCREASE 0 FREELISTS 1 FREELIST GROUPS 1 BUFFER_POOL DEFAULT FLASH_CACHE DEFAULT CELL_FLASH_CACHE DEFAULT)
  TABLESPACE "APEX_4876023932912102" ;
--------------------------------------------------------
--  DDL for Index TB_ADM_MODALIDAD_CURSO_PK
--------------------------------------------------------

  CREATE UNIQUE INDEX "PROINT1"."TB_ADM_MODALIDAD_CURSO_PK" ON "PROINT1"."TB_ADM_MODALIDAD_CURSO" ("BN_MCU_IDN") 
  PCTFREE 10 INITRANS 2 MAXTRANS 255 COMPUTE STATISTICS 
  STORAGE(INITIAL 65536 NEXT 1048576 MINEXTENTS 1 MAXEXTENTS 2147483645
  PCTINCREASE 0 FREELISTS 1 FREELIST GROUPS 1 BUFFER_POOL DEFAULT FLASH_CACHE DEFAULT CELL_FLASH_CACHE DEFAULT)
  TABLESPACE "APEX_4876023932912102" ;
--------------------------------------------------------
--  DDL for Index TB_ADM_PAISES_PK
--------------------------------------------------------

  CREATE UNIQUE INDEX "PROINT1"."TB_ADM_PAISES_PK" ON "PROINT1"."TB_ADM_PAISES" ("NB_IDN") 
  PCTFREE 10 INITRANS 2 MAXTRANS 255 COMPUTE STATISTICS 
  STORAGE(INITIAL 65536 NEXT 1048576 MINEXTENTS 1 MAXEXTENTS 2147483645
  PCTINCREASE 0 FREELISTS 1 FREELIST GROUPS 1 BUFFER_POOL DEFAULT FLASH_CACHE DEFAULT CELL_FLASH_CACHE DEFAULT)
  TABLESPACE "APEX_4876023932912102" ;
--------------------------------------------------------
--  DDL for Index TB_ADM_PROPIEDADES_PK
--------------------------------------------------------

  CREATE UNIQUE INDEX "PROINT1"."TB_ADM_PROPIEDADES_PK" ON "PROINT1"."TB_ADM_PROPIEDADES" ("NB_PRP_IDN", "VR_PRP_VALOR") 
  PCTFREE 10 INITRANS 2 MAXTRANS 255 COMPUTE STATISTICS 
  STORAGE(INITIAL 65536 NEXT 1048576 MINEXTENTS 1 MAXEXTENTS 2147483645
  PCTINCREASE 0 FREELISTS 1 FREELIST GROUPS 1 BUFFER_POOL DEFAULT FLASH_CACHE DEFAULT CELL_FLASH_CACHE DEFAULT)
  TABLESPACE "APEX_4876023932912102" ;
--------------------------------------------------------
--  DDL for Index TB_ADM_TIPOIDENTIFICACION_PK
--------------------------------------------------------

  CREATE UNIQUE INDEX "PROINT1"."TB_ADM_TIPOIDENTIFICACION_PK" ON "PROINT1"."TB_ADM_TIPOIDENTIFICACION" ("NB_IDN") 
  PCTFREE 10 INITRANS 2 MAXTRANS 255 COMPUTE STATISTICS 
  STORAGE(INITIAL 65536 NEXT 1048576 MINEXTENTS 1 MAXEXTENTS 2147483645
  PCTINCREASE 0 FREELISTS 1 FREELIST GROUPS 1 BUFFER_POOL DEFAULT FLASH_CACHE DEFAULT CELL_FLASH_CACHE DEFAULT)
  TABLESPACE "APEX_4876023932912102" ;
--------------------------------------------------------
--  DDL for Index TB_ADM_UNIVERSIDADES_PK
--------------------------------------------------------

  CREATE UNIQUE INDEX "PROINT1"."TB_ADM_UNIVERSIDADES_PK" ON "PROINT1"."TB_ADM_UNIVERSIDADES" ("NB_IDM") 
  PCTFREE 10 INITRANS 2 MAXTRANS 255 COMPUTE STATISTICS 
  STORAGE(INITIAL 65536 NEXT 1048576 MINEXTENTS 1 MAXEXTENTS 2147483645
  PCTINCREASE 0 FREELISTS 1 FREELIST GROUPS 1 BUFFER_POOL DEFAULT FLASH_CACHE DEFAULT CELL_FLASH_CACHE DEFAULT)
  TABLESPACE "APEX_4876023932912102" ;
--------------------------------------------------------
--  DDL for Index TB_ADM_USUARIOXROL_PK
--------------------------------------------------------

  CREATE UNIQUE INDEX "PROINT1"."TB_ADM_USUARIOXROL_PK" ON "PROINT1"."TB_ADM_USUARIOXROL" ("NB_UXR_IDN") 
  PCTFREE 10 INITRANS 2 MAXTRANS 255 COMPUTE STATISTICS 
  STORAGE(INITIAL 65536 NEXT 1048576 MINEXTENTS 1 MAXEXTENTS 2147483645
  PCTINCREASE 0 FREELISTS 1 FREELIST GROUPS 1 BUFFER_POOL DEFAULT FLASH_CACHE DEFAULT CELL_FLASH_CACHE DEFAULT)
  TABLESPACE "APEX_4876023932912102" ;
--------------------------------------------------------
--  DDL for Index TB_CAMPOS_PK
--------------------------------------------------------

  CREATE UNIQUE INDEX "PROINT1"."TB_CAMPOS_PK" ON "PROINT1"."TB_PRD_CAMPOS" ("NB_IDN") 
  PCTFREE 10 INITRANS 2 MAXTRANS 255 COMPUTE STATISTICS 
  STORAGE(INITIAL 65536 NEXT 1048576 MINEXTENTS 1 MAXEXTENTS 2147483645
  PCTINCREASE 0 FREELISTS 1 FREELIST GROUPS 1 BUFFER_POOL DEFAULT FLASH_CACHE DEFAULT CELL_FLASH_CACHE DEFAULT)
  TABLESPACE "APEX_4876023932912102" ;
--------------------------------------------------------
--  DDL for Index TB_GEN_DEPEN_ACADE_PK
--------------------------------------------------------

  CREATE UNIQUE INDEX "PROINT1"."TB_GEN_DEPEN_ACADE_PK" ON "PROINT1"."TB_ADM_DEPENDENCIA_ACADEMICA" ("NB_DEP_IDN") 
  PCTFREE 10 INITRANS 2 MAXTRANS 255 COMPUTE STATISTICS 
  STORAGE(INITIAL 65536 NEXT 1048576 MINEXTENTS 1 MAXEXTENTS 2147483645
  PCTINCREASE 0 FREELISTS 1 FREELIST GROUPS 1 BUFFER_POOL DEFAULT FLASH_CACHE DEFAULT CELL_FLASH_CACHE DEFAULT)
  TABLESPACE "APEX_4876023932912102" ;
--------------------------------------------------------
--  DDL for Index TB_GEN_TIPO_DEPENDENCIA_PK
--------------------------------------------------------

  CREATE UNIQUE INDEX "PROINT1"."TB_GEN_TIPO_DEPENDENCIA_PK" ON "PROINT1"."TB_ADM_TIPO_DEPENDENCIA" ("VR_TDP_CODIGO") 
  PCTFREE 10 INITRANS 2 MAXTRANS 255 COMPUTE STATISTICS 
  STORAGE(INITIAL 65536 NEXT 1048576 MINEXTENTS 1 MAXEXTENTS 2147483645
  PCTINCREASE 0 FREELISTS 1 FREELIST GROUPS 1 BUFFER_POOL DEFAULT FLASH_CACHE DEFAULT CELL_FLASH_CACHE DEFAULT)
  TABLESPACE "APEX_4876023932912102" ;
--------------------------------------------------------
--  DDL for Index TB_GEN_UNIDAD_ACADEMICA_PK
--------------------------------------------------------

  CREATE UNIQUE INDEX "PROINT1"."TB_GEN_UNIDAD_ACADEMICA_PK" ON "PROINT1"."TB_ADM_UNIDAD_ACADEMICA" ("NB_UNI_IDN") 
  PCTFREE 10 INITRANS 2 MAXTRANS 255 COMPUTE STATISTICS 
  STORAGE(INITIAL 65536 NEXT 1048576 MINEXTENTS 1 MAXEXTENTS 2147483645
  PCTINCREASE 0 FREELISTS 1 FREELIST GROUPS 1 BUFFER_POOL DEFAULT FLASH_CACHE DEFAULT CELL_FLASH_CACHE DEFAULT)
  TABLESPACE "APEX_4876023932912102" ;
--------------------------------------------------------
--  DDL for Index TB_MIC_ESTADOMIC_PK
--------------------------------------------------------

  CREATE UNIQUE INDEX "PROINT1"."TB_MIC_ESTADOMIC_PK" ON "PROINT1"."TB_MIC_ESTADOMIC" ("NB_EST_IDN") 
  PCTFREE 10 INITRANS 2 MAXTRANS 255 COMPUTE STATISTICS 
  STORAGE(INITIAL 65536 NEXT 1048576 MINEXTENTS 1 MAXEXTENTS 2147483645
  PCTINCREASE 0 FREELISTS 1 FREELIST GROUPS 1 BUFFER_POOL DEFAULT FLASH_CACHE DEFAULT CELL_FLASH_CACHE DEFAULT)
  TABLESPACE "APEX_4876023932912102" ;
--------------------------------------------------------
--  DDL for Index TB_MIC_EVALUACION_PK
--------------------------------------------------------

  CREATE UNIQUE INDEX "PROINT1"."TB_MIC_EVALUACION_PK" ON "PROINT1"."TB_MIC_EVALUACION" ("NB_EV_IDN") 
  PCTFREE 10 INITRANS 2 MAXTRANS 255 COMPUTE STATISTICS 
  STORAGE(INITIAL 65536 NEXT 1048576 MINEXTENTS 1 MAXEXTENTS 2147483645
  PCTINCREASE 0 FREELISTS 1 FREELIST GROUPS 1 BUFFER_POOL DEFAULT FLASH_CACHE DEFAULT CELL_FLASH_CACHE DEFAULT)
  TABLESPACE "APEX_4876023932912102" ;
--------------------------------------------------------
--  DDL for Index TB_MIC_UNIDADES_PK
--------------------------------------------------------

  CREATE UNIQUE INDEX "PROINT1"."TB_MIC_UNIDADES_PK" ON "PROINT1"."TB_MIC_UNIDADES" ("NB_UNI_IDN") 
  PCTFREE 10 INITRANS 2 MAXTRANS 255 COMPUTE STATISTICS 
  STORAGE(INITIAL 65536 NEXT 1048576 MINEXTENTS 1 MAXEXTENTS 2147483645
  PCTINCREASE 0 FREELISTS 1 FREELIST GROUPS 1 BUFFER_POOL DEFAULT FLASH_CACHE DEFAULT CELL_FLASH_CACHE DEFAULT)
  TABLESPACE "APEX_4876023932912102" ;
--------------------------------------------------------
--  DDL for Index TB_PDR_TIPOPRODUCXCAMPO_PK
--------------------------------------------------------

  CREATE UNIQUE INDEX "PROINT1"."TB_PDR_TIPOPRODUCXCAMPO_PK" ON "PROINT1"."TB_PRD_TIPOPRODUCCIONESXCAMPO" ("NB_IDN") 
  PCTFREE 10 INITRANS 2 MAXTRANS 255 COMPUTE STATISTICS 
  STORAGE(INITIAL 65536 NEXT 1048576 MINEXTENTS 1 MAXEXTENTS 2147483645
  PCTINCREASE 0 FREELISTS 1 FREELIST GROUPS 1 BUFFER_POOL DEFAULT FLASH_CACHE DEFAULT CELL_FLASH_CACHE DEFAULT)
  TABLESPACE "APEX_4876023932912102" ;
--------------------------------------------------------
--  DDL for Index TB_PRD_DETALLEPRODUCIONES_PK
--------------------------------------------------------

  CREATE UNIQUE INDEX "PROINT1"."TB_PRD_DETALLEPRODUCIONES_PK" ON "PROINT1"."TB_PRD_DETALLEPRODUCCIONES" ("NB_IDN") 
  PCTFREE 10 INITRANS 2 MAXTRANS 255 COMPUTE STATISTICS 
  STORAGE(INITIAL 65536 NEXT 1048576 MINEXTENTS 1 MAXEXTENTS 2147483645
  PCTINCREASE 0 FREELISTS 1 FREELIST GROUPS 1 BUFFER_POOL DEFAULT FLASH_CACHE DEFAULT CELL_FLASH_CACHE DEFAULT)
  TABLESPACE "APEX_4876023932912102" ;
--------------------------------------------------------
--  DDL for Index TB_PRD_HISTORIAMIEMBROS_PK
--------------------------------------------------------

  CREATE UNIQUE INDEX "PROINT1"."TB_PRD_HISTORIAMIEMBROS_PK" ON "PROINT1"."TB_PRD_HISTORIAMIEMBROS" ("NB_GPI_IDN", "NB_AUT_IDN", "DT_FECHA") 
  PCTFREE 10 INITRANS 2 MAXTRANS 255 COMPUTE STATISTICS 
  STORAGE(INITIAL 65536 NEXT 1048576 MINEXTENTS 1 MAXEXTENTS 2147483645
  PCTINCREASE 0 FREELISTS 1 FREELIST GROUPS 1 BUFFER_POOL DEFAULT FLASH_CACHE DEFAULT CELL_FLASH_CACHE DEFAULT)
  TABLESPACE "APEX_4876023932912102" ;
--------------------------------------------------------
--  DDL for Index TIPOPRODUCCION_PK
--------------------------------------------------------

  CREATE UNIQUE INDEX "PROINT1"."TIPOPRODUCCION_PK" ON "PROINT1"."TB_PRD_TIPOPRODUCCION" ("NB_IDN") 
  PCTFREE 10 INITRANS 2 MAXTRANS 255 COMPUTE STATISTICS 
  STORAGE(INITIAL 65536 NEXT 1048576 MINEXTENTS 1 MAXEXTENTS 2147483645
  PCTINCREASE 0 FREELISTS 1 FREELIST GROUPS 1 BUFFER_POOL DEFAULT FLASH_CACHE DEFAULT CELL_FLASH_CACHE DEFAULT)
  TABLESPACE "APEX_4876023932912102" ;
--------------------------------------------------------
--  DDL for Index UC_ALERTAS_NOMBRE
--------------------------------------------------------

  CREATE UNIQUE INDEX "PROINT1"."UC_ALERTAS_NOMBRE" ON "PROINT1"."TB_ADM_TAREAS_PROGRAMADAS" ("VR_TPR_NOMBRE") 
  PCTFREE 10 INITRANS 2 MAXTRANS 255 COMPUTE STATISTICS 
  STORAGE(INITIAL 65536 NEXT 1048576 MINEXTENTS 1 MAXEXTENTS 2147483645
  PCTINCREASE 0 FREELISTS 1 FREELIST GROUPS 1 BUFFER_POOL DEFAULT FLASH_CACHE DEFAULT CELL_FLASH_CACHE DEFAULT)
  TABLESPACE "APEX_4876023932912102" ;
--------------------------------------------------------
--  DDL for Index USUARIO_PK
--------------------------------------------------------

  CREATE UNIQUE INDEX "PROINT1"."USUARIO_PK" ON "PROINT1"."TB_ADM_USUARIO" ("NB_USU_IDN") 
  PCTFREE 10 INITRANS 2 MAXTRANS 255 COMPUTE STATISTICS 
  STORAGE(INITIAL 65536 NEXT 1048576 MINEXTENTS 1 MAXEXTENTS 2147483645
  PCTINCREASE 0 FREELISTS 1 FREELIST GROUPS 1 BUFFER_POOL DEFAULT FLASH_CACHE DEFAULT CELL_FLASH_CACHE DEFAULT)
  TABLESPACE "APEX_4876023932912102" ;
--------------------------------------------------------
--  DDL for Index VERSIONPENSUM_PK
--------------------------------------------------------

  CREATE UNIQUE INDEX "PROINT1"."VERSIONPENSUM_PK" ON "PROINT1"."TB_MIC_VERSIONPENSUM" ("NB_VPE_IDN") 
  PCTFREE 10 INITRANS 2 MAXTRANS 255 COMPUTE STATISTICS 
  STORAGE(INITIAL 65536 NEXT 1048576 MINEXTENTS 1 MAXEXTENTS 2147483645
  PCTINCREASE 0 FREELISTS 1 FREELIST GROUPS 1 BUFFER_POOL DEFAULT FLASH_CACHE DEFAULT CELL_FLASH_CACHE DEFAULT)
  TABLESPACE "APEX_4876023932912102" ;
--------------------------------------------------------
--  Constraints for Table APEX$_ACL
--------------------------------------------------------

  ALTER TABLE "PROINT1"."APEX$_ACL" ADD CONSTRAINT "APEX$_ACL_PK" PRIMARY KEY ("ID")
  USING INDEX PCTFREE 10 INITRANS 2 MAXTRANS 255 COMPUTE STATISTICS 
  STORAGE(INITIAL 65536 NEXT 1048576 MINEXTENTS 1 MAXEXTENTS 2147483645
  PCTINCREASE 0 FREELISTS 1 FREELIST GROUPS 1 BUFFER_POOL DEFAULT FLASH_CACHE DEFAULT CELL_FLASH_CACHE DEFAULT)
  TABLESPACE "APEX_4876023932912102"  ENABLE;
  ALTER TABLE "PROINT1"."APEX$_ACL" ADD CONSTRAINT "APEX$_ACL_PRIV_CK" CHECK (priv in ('R','C','A')) ENABLE;
  ALTER TABLE "PROINT1"."APEX$_ACL" MODIFY ("CREATED_BY" NOT NULL ENABLE);
  ALTER TABLE "PROINT1"."APEX$_ACL" MODIFY ("CREATED_ON" NOT NULL ENABLE);
  ALTER TABLE "PROINT1"."APEX$_ACL" MODIFY ("PRIV" NOT NULL ENABLE);
  ALTER TABLE "PROINT1"."APEX$_ACL" MODIFY ("USERNAME" NOT NULL ENABLE);
  ALTER TABLE "PROINT1"."APEX$_ACL" MODIFY ("WS_APP_ID" NOT NULL ENABLE);
  ALTER TABLE "PROINT1"."APEX$_ACL" MODIFY ("ID" NOT NULL ENABLE);
--------------------------------------------------------
--  Constraints for Table APEX$_WS_FILES
--------------------------------------------------------

  ALTER TABLE "PROINT1"."APEX$_WS_FILES" ADD CONSTRAINT "APEX$_WS_FILES_PK" PRIMARY KEY ("ID")
  USING INDEX PCTFREE 10 INITRANS 2 MAXTRANS 255 COMPUTE STATISTICS 
  STORAGE(INITIAL 65536 NEXT 1048576 MINEXTENTS 1 MAXEXTENTS 2147483645
  PCTINCREASE 0 FREELISTS 1 FREELIST GROUPS 1 BUFFER_POOL DEFAULT FLASH_CACHE DEFAULT CELL_FLASH_CACHE DEFAULT)
  TABLESPACE "APEX_4876023932912102"  ENABLE;
  ALTER TABLE "PROINT1"."APEX$_WS_FILES" ADD CONSTRAINT "APEX$_WS_FILES_CL_CK" CHECK (component_level in ('WEBSHEET','ROW','WORKSPACE','WEBPAGE')) ENABLE;
  ALTER TABLE "PROINT1"."APEX$_WS_FILES" MODIFY ("CREATED_BY" NOT NULL ENABLE);
  ALTER TABLE "PROINT1"."APEX$_WS_FILES" MODIFY ("CREATED_ON" NOT NULL ENABLE);
  ALTER TABLE "PROINT1"."APEX$_WS_FILES" MODIFY ("MIME_TYPE" NOT NULL ENABLE);
  ALTER TABLE "PROINT1"."APEX$_WS_FILES" MODIFY ("NAME" NOT NULL ENABLE);
  ALTER TABLE "PROINT1"."APEX$_WS_FILES" MODIFY ("WS_APP_ID" NOT NULL ENABLE);
--------------------------------------------------------
--  Constraints for Table APEX$_WS_HISTORY
--------------------------------------------------------

  ALTER TABLE "PROINT1"."APEX$_WS_HISTORY" MODIFY ("DATA_GRID_ID" NOT NULL ENABLE);
  ALTER TABLE "PROINT1"."APEX$_WS_HISTORY" MODIFY ("WS_APP_ID" NOT NULL ENABLE);
  ALTER TABLE "PROINT1"."APEX$_WS_HISTORY" MODIFY ("ROW_ID" NOT NULL ENABLE);
--------------------------------------------------------
--  Constraints for Table APEX$_WS_LINKS
--------------------------------------------------------

  ALTER TABLE "PROINT1"."APEX$_WS_LINKS" ADD CONSTRAINT "APEX$_WS_LINKS_PK" PRIMARY KEY ("ID")
  USING INDEX PCTFREE 10 INITRANS 2 MAXTRANS 255 COMPUTE STATISTICS 
  STORAGE(INITIAL 65536 NEXT 1048576 MINEXTENTS 1 MAXEXTENTS 2147483645
  PCTINCREASE 0 FREELISTS 1 FREELIST GROUPS 1 BUFFER_POOL DEFAULT FLASH_CACHE DEFAULT CELL_FLASH_CACHE DEFAULT)
  TABLESPACE "APEX_4876023932912102"  ENABLE;
  ALTER TABLE "PROINT1"."APEX$_WS_LINKS" ADD CONSTRAINT "APEX$_WS_LINKS_SH_CK" CHECK (show_on_homepage in ('Y','N')) ENABLE;
  ALTER TABLE "PROINT1"."APEX$_WS_LINKS" ADD CONSTRAINT "APEX$_WS_LINKS_CL_CK" CHECK (component_level in ('WEBSHEET','ROW','WORKSPACE','WEBPAGE')) ENABLE;
  ALTER TABLE "PROINT1"."APEX$_WS_LINKS" MODIFY ("CREATED_BY" NOT NULL ENABLE);
  ALTER TABLE "PROINT1"."APEX$_WS_LINKS" MODIFY ("CREATED_ON" NOT NULL ENABLE);
  ALTER TABLE "PROINT1"."APEX$_WS_LINKS" MODIFY ("URL" NOT NULL ENABLE);
  ALTER TABLE "PROINT1"."APEX$_WS_LINKS" MODIFY ("LINK_NAME" NOT NULL ENABLE);
  ALTER TABLE "PROINT1"."APEX$_WS_LINKS" MODIFY ("WS_APP_ID" NOT NULL ENABLE);
--------------------------------------------------------
--  Constraints for Table APEX$_WS_NOTES
--------------------------------------------------------

  ALTER TABLE "PROINT1"."APEX$_WS_NOTES" ADD CONSTRAINT "APEX$_WS_NOTES_PK" PRIMARY KEY ("ID")
  USING INDEX PCTFREE 10 INITRANS 2 MAXTRANS 255 COMPUTE STATISTICS 
  STORAGE(INITIAL 65536 NEXT 1048576 MINEXTENTS 1 MAXEXTENTS 2147483645
  PCTINCREASE 0 FREELISTS 1 FREELIST GROUPS 1 BUFFER_POOL DEFAULT FLASH_CACHE DEFAULT CELL_FLASH_CACHE DEFAULT)
  TABLESPACE "APEX_4876023932912102"  ENABLE;
  ALTER TABLE "PROINT1"."APEX$_WS_NOTES" ADD CONSTRAINT "APEX$_WS_NOTES_CL_CK" CHECK (component_level in ('WEBSHEET','ROW','WORKSPACE','WEBPAGE')) ENABLE;
  ALTER TABLE "PROINT1"."APEX$_WS_NOTES" MODIFY ("CREATED_BY" NOT NULL ENABLE);
  ALTER TABLE "PROINT1"."APEX$_WS_NOTES" MODIFY ("CREATED_ON" NOT NULL ENABLE);
  ALTER TABLE "PROINT1"."APEX$_WS_NOTES" MODIFY ("WS_APP_ID" NOT NULL ENABLE);
--------------------------------------------------------
--  Constraints for Table APEX$_WS_ROWS
--------------------------------------------------------

  ALTER TABLE "PROINT1"."APEX$_WS_ROWS" ADD CONSTRAINT "APEX$_WS_ROWS_PK" PRIMARY KEY ("ID")
  USING INDEX PCTFREE 10 INITRANS 2 MAXTRANS 255 COMPUTE STATISTICS 
  STORAGE(INITIAL 65536 NEXT 1048576 MINEXTENTS 1 MAXEXTENTS 2147483645
  PCTINCREASE 0 FREELISTS 1 FREELIST GROUPS 1 BUFFER_POOL DEFAULT FLASH_CACHE DEFAULT CELL_FLASH_CACHE DEFAULT)
  TABLESPACE "APEX_4876023932912102"  ENABLE;
  ALTER TABLE "PROINT1"."APEX$_WS_ROWS" MODIFY ("CREATED_BY" NOT NULL ENABLE);
  ALTER TABLE "PROINT1"."APEX$_WS_ROWS" MODIFY ("CREATED_ON" NOT NULL ENABLE);
  ALTER TABLE "PROINT1"."APEX$_WS_ROWS" MODIFY ("DATA_GRID_ID" NOT NULL ENABLE);
  ALTER TABLE "PROINT1"."APEX$_WS_ROWS" MODIFY ("WS_APP_ID" NOT NULL ENABLE);
  ALTER TABLE "PROINT1"."APEX$_WS_ROWS" MODIFY ("ID" NOT NULL ENABLE);
--------------------------------------------------------
--  Constraints for Table APEX$_WS_TAGS
--------------------------------------------------------

  ALTER TABLE "PROINT1"."APEX$_WS_TAGS" ADD CONSTRAINT "APEX$_WS_TAGS_PK" PRIMARY KEY ("ID")
  USING INDEX PCTFREE 10 INITRANS 2 MAXTRANS 255 COMPUTE STATISTICS 
  STORAGE(INITIAL 65536 NEXT 1048576 MINEXTENTS 1 MAXEXTENTS 2147483645
  PCTINCREASE 0 FREELISTS 1 FREELIST GROUPS 1 BUFFER_POOL DEFAULT FLASH_CACHE DEFAULT CELL_FLASH_CACHE DEFAULT)
  TABLESPACE "APEX_4876023932912102"  ENABLE;
  ALTER TABLE "PROINT1"."APEX$_WS_TAGS" ADD CONSTRAINT "APEX$_WS_TAGS_CL_CK" CHECK (component_level in ('WEBSHEET','ROW','WORKSPACE','WEBPAGE')) ENABLE;
  ALTER TABLE "PROINT1"."APEX$_WS_TAGS" MODIFY ("CREATED_BY" NOT NULL ENABLE);
  ALTER TABLE "PROINT1"."APEX$_WS_TAGS" MODIFY ("CREATED_ON" NOT NULL ENABLE);
  ALTER TABLE "PROINT1"."APEX$_WS_TAGS" MODIFY ("WS_APP_ID" NOT NULL ENABLE);
--------------------------------------------------------
--  Constraints for Table APEX$_WS_WEBPG_SECTION_HISTORY
--------------------------------------------------------

  ALTER TABLE "PROINT1"."APEX$_WS_WEBPG_SECTION_HISTORY" MODIFY ("CHANGE_DATE" NOT NULL ENABLE);
  ALTER TABLE "PROINT1"."APEX$_WS_WEBPG_SECTION_HISTORY" MODIFY ("APPLICATION_USER_ID" NOT NULL ENABLE);
  ALTER TABLE "PROINT1"."APEX$_WS_WEBPG_SECTION_HISTORY" MODIFY ("WEBPAGE_ID" NOT NULL ENABLE);
  ALTER TABLE "PROINT1"."APEX$_WS_WEBPG_SECTION_HISTORY" MODIFY ("WS_APP_ID" NOT NULL ENABLE);
  ALTER TABLE "PROINT1"."APEX$_WS_WEBPG_SECTION_HISTORY" MODIFY ("SECTION_ID" NOT NULL ENABLE);
--------------------------------------------------------
--  Constraints for Table APEX$_WS_WEBPG_SECTIONS
--------------------------------------------------------

  ALTER TABLE "PROINT1"."APEX$_WS_WEBPG_SECTIONS" ADD CONSTRAINT "APEX$_WS_WEBPG_SECTIONS_PK" PRIMARY KEY ("ID")
  USING INDEX PCTFREE 10 INITRANS 2 MAXTRANS 255 COMPUTE STATISTICS 
  STORAGE(INITIAL 65536 NEXT 1048576 MINEXTENTS 1 MAXEXTENTS 2147483645
  PCTINCREASE 0 FREELISTS 1 FREELIST GROUPS 1 BUFFER_POOL DEFAULT FLASH_CACHE DEFAULT CELL_FLASH_CACHE DEFAULT)
  TABLESPACE "APEX_4876023932912102"  ENABLE;
  ALTER TABLE "PROINT1"."APEX$_WS_WEBPG_SECTIONS" ADD CONSTRAINT "APEX$_WS_WEBPG_SECTION_3D_CK" CHECK (chart_3d in ('Y','N')) ENABLE;
  ALTER TABLE "PROINT1"."APEX$_WS_WEBPG_SECTIONS" ADD CONSTRAINT "APEX$_WS_WEBPG_SECTION_LINK_CK" CHECK (nav_include_link in ('Y','N')) ENABLE;
  ALTER TABLE "PROINT1"."APEX$_WS_WEBPG_SECTIONS" ADD CONSTRAINT "APEX$_WS_WEBPG_SECTION_TYPE_CK" CHECK (section_type in ('TEXT','DATA','CHART','NAV_PAGE','NAV_SECTION')) ENABLE;
  ALTER TABLE "PROINT1"."APEX$_WS_WEBPG_SECTIONS" MODIFY ("CREATED_BY" NOT NULL ENABLE);
  ALTER TABLE "PROINT1"."APEX$_WS_WEBPG_SECTIONS" MODIFY ("CREATED_ON" NOT NULL ENABLE);
  ALTER TABLE "PROINT1"."APEX$_WS_WEBPG_SECTIONS" MODIFY ("SECTION_TYPE" NOT NULL ENABLE);
  ALTER TABLE "PROINT1"."APEX$_WS_WEBPG_SECTIONS" MODIFY ("WS_APP_ID" NOT NULL ENABLE);
  ALTER TABLE "PROINT1"."APEX$_WS_WEBPG_SECTIONS" MODIFY ("ID" NOT NULL ENABLE);
--------------------------------------------------------
--  Constraints for Table TB_ACT_DOCENTEXGRUPO
--------------------------------------------------------

  ALTER TABLE "PROINT1"."TB_ACT_DOCENTEXGRUPO" ADD CONSTRAINT "DOCENTEXGRUPO_PK" PRIMARY KEY ("NB_DOG_IDN")
  USING INDEX PCTFREE 10 INITRANS 2 MAXTRANS 255 COMPUTE STATISTICS 
  STORAGE(INITIAL 65536 NEXT 1048576 MINEXTENTS 1 MAXEXTENTS 2147483645
  PCTINCREASE 0 FREELISTS 1 FREELIST GROUPS 1 BUFFER_POOL DEFAULT FLASH_CACHE DEFAULT CELL_FLASH_CACHE DEFAULT)
  TABLESPACE "APEX_4876023932912102"  ENABLE;
  ALTER TABLE "PROINT1"."TB_ACT_DOCENTEXGRUPO" MODIFY ("NB_GPO_IDN" NOT NULL ENABLE);
  ALTER TABLE "PROINT1"."TB_ACT_DOCENTEXGRUPO" MODIFY ("NB_DOC_IDN" NOT NULL ENABLE);
  ALTER TABLE "PROINT1"."TB_ACT_DOCENTEXGRUPO" MODIFY ("NB_DOG_IDN" NOT NULL ENABLE);
--------------------------------------------------------
--  Constraints for Table TB_ACT_REPORTEACTIVIDAD
--------------------------------------------------------

  ALTER TABLE "PROINT1"."TB_ACT_REPORTEACTIVIDAD" ADD CONSTRAINT "REPORTEACTIVIDAD_PK" PRIMARY KEY ("NB_RAC_IDN")
  USING INDEX PCTFREE 10 INITRANS 2 MAXTRANS 255 COMPUTE STATISTICS 
  STORAGE(INITIAL 65536 NEXT 1048576 MINEXTENTS 1 MAXEXTENTS 2147483645
  PCTINCREASE 0 FREELISTS 1 FREELIST GROUPS 1 BUFFER_POOL DEFAULT FLASH_CACHE DEFAULT CELL_FLASH_CACHE DEFAULT)
  TABLESPACE "APEX_4876023932912102"  ENABLE;
  ALTER TABLE "PROINT1"."TB_ACT_REPORTEACTIVIDAD" MODIFY ("NB_RAC_TIEMPO" NOT NULL ENABLE);
  ALTER TABLE "PROINT1"."TB_ACT_REPORTEACTIVIDAD" MODIFY ("DT_RAC_FECHA" NOT NULL ENABLE);
  ALTER TABLE "PROINT1"."TB_ACT_REPORTEACTIVIDAD" MODIFY ("NB_DOG_IDN" NOT NULL ENABLE);
  ALTER TABLE "PROINT1"."TB_ACT_REPORTEACTIVIDAD" MODIFY ("NB_TAC_IDN" NOT NULL ENABLE);
  ALTER TABLE "PROINT1"."TB_ACT_REPORTEACTIVIDAD" MODIFY ("NB_RAC_IDN" NOT NULL ENABLE);
--------------------------------------------------------
--  Constraints for Table TB_ACT_TIPO_ACTIVIDAD
--------------------------------------------------------

  ALTER TABLE "PROINT1"."TB_ACT_TIPO_ACTIVIDAD" ADD CONSTRAINT "ACTIVIDAD_PK" PRIMARY KEY ("NB_TAC_IDN")
  USING INDEX PCTFREE 10 INITRANS 2 MAXTRANS 255 COMPUTE STATISTICS 
  STORAGE(INITIAL 65536 NEXT 1048576 MINEXTENTS 1 MAXEXTENTS 2147483645
  PCTINCREASE 0 FREELISTS 1 FREELIST GROUPS 1 BUFFER_POOL DEFAULT FLASH_CACHE DEFAULT CELL_FLASH_CACHE DEFAULT)
  TABLESPACE "APEX_4876023932912102"  ENABLE;
  ALTER TABLE "PROINT1"."TB_ACT_TIPO_ACTIVIDAD" MODIFY ("VR_TAC_DESCRIPCION" NOT NULL ENABLE);
  ALTER TABLE "PROINT1"."TB_ACT_TIPO_ACTIVIDAD" MODIFY ("VR_TAC_NOMBRE" NOT NULL ENABLE);
  ALTER TABLE "PROINT1"."TB_ACT_TIPO_ACTIVIDAD" MODIFY ("NB_TAC_IDN" NOT NULL ENABLE);
--------------------------------------------------------
--  Constraints for Table TB_ADM_CURSO
--------------------------------------------------------

  ALTER TABLE "PROINT1"."TB_ADM_CURSO" ADD CONSTRAINT "CURSO_PK" PRIMARY KEY ("NB_CUR_IDN")
  USING INDEX PCTFREE 10 INITRANS 2 MAXTRANS 255 COMPUTE STATISTICS 
  STORAGE(INITIAL 65536 NEXT 1048576 MINEXTENTS 1 MAXEXTENTS 2147483645
  PCTINCREASE 0 FREELISTS 1 FREELIST GROUPS 1 BUFFER_POOL DEFAULT FLASH_CACHE DEFAULT CELL_FLASH_CACHE DEFAULT)
  TABLESPACE "APEX_4876023932912102"  ENABLE;
  ALTER TABLE "PROINT1"."TB_ADM_CURSO" MODIFY ("BN_DEP_IDN" NOT NULL ENABLE);
  ALTER TABLE "PROINT1"."TB_ADM_CURSO" MODIFY ("VR_CUR_NOMBRE" NOT NULL ENABLE);
  ALTER TABLE "PROINT1"."TB_ADM_CURSO" MODIFY ("VR_CUR_ID" NOT NULL ENABLE);
  ALTER TABLE "PROINT1"."TB_ADM_CURSO" MODIFY ("NB_CUR_IDN" NOT NULL ENABLE);
--------------------------------------------------------
--  Constraints for Table TB_ADM_DEPENDENCIA_ACADEMICA
--------------------------------------------------------

  ALTER TABLE "PROINT1"."TB_ADM_DEPENDENCIA_ACADEMICA" ADD CONSTRAINT "TB_GEN_DEPEN_ACADE_PK" PRIMARY KEY ("NB_DEP_IDN")
  USING INDEX PCTFREE 10 INITRANS 2 MAXTRANS 255 COMPUTE STATISTICS 
  STORAGE(INITIAL 65536 NEXT 1048576 MINEXTENTS 1 MAXEXTENTS 2147483645
  PCTINCREASE 0 FREELISTS 1 FREELIST GROUPS 1 BUFFER_POOL DEFAULT FLASH_CACHE DEFAULT CELL_FLASH_CACHE DEFAULT)
  TABLESPACE "APEX_4876023932912102"  ENABLE;
  ALTER TABLE "PROINT1"."TB_ADM_DEPENDENCIA_ACADEMICA" MODIFY ("VR_TDP_CODIGO" NOT NULL ENABLE);
  ALTER TABLE "PROINT1"."TB_ADM_DEPENDENCIA_ACADEMICA" MODIFY ("NB_UNI_IDN" NOT NULL ENABLE);
  ALTER TABLE "PROINT1"."TB_ADM_DEPENDENCIA_ACADEMICA" MODIFY ("VR_DEP_NOMBRE" NOT NULL ENABLE);
  ALTER TABLE "PROINT1"."TB_ADM_DEPENDENCIA_ACADEMICA" MODIFY ("NB_DEP_IDN" NOT NULL ENABLE);
--------------------------------------------------------
--  Constraints for Table TB_ADM_DOCENTE
--------------------------------------------------------

  ALTER TABLE "PROINT1"."TB_ADM_DOCENTE" ADD CONSTRAINT "DOCENTE_PK" PRIMARY KEY ("NB_DOC_IDN")
  USING INDEX PCTFREE 10 INITRANS 2 MAXTRANS 255 COMPUTE STATISTICS 
  STORAGE(INITIAL 65536 NEXT 1048576 MINEXTENTS 1 MAXEXTENTS 2147483645
  PCTINCREASE 0 FREELISTS 1 FREELIST GROUPS 1 BUFFER_POOL DEFAULT FLASH_CACHE DEFAULT CELL_FLASH_CACHE DEFAULT)
  TABLESPACE "APEX_4876023932912102"  ENABLE;
  ALTER TABLE "PROINT1"."TB_ADM_DOCENTE" MODIFY ("VR_DOC_NOMBRES" NOT NULL ENABLE);
  ALTER TABLE "PROINT1"."TB_ADM_DOCENTE" MODIFY ("VR_DOC_IDENTIFICACION" NOT NULL ENABLE);
  ALTER TABLE "PROINT1"."TB_ADM_DOCENTE" MODIFY ("NB_PER_IDN" NOT NULL ENABLE);
  ALTER TABLE "PROINT1"."TB_ADM_DOCENTE" MODIFY ("NB_DOC_IDN" NOT NULL ENABLE);
--------------------------------------------------------
--  Constraints for Table TB_ADM_DOCENTESXDEPENDENCIA
--------------------------------------------------------

  ALTER TABLE "PROINT1"."TB_ADM_DOCENTESXDEPENDENCIA" ADD CONSTRAINT "TB_ADM_DOCENTESXDEPENDENCIA_PK" PRIMARY KEY ("NB_DPD_IDN")
  USING INDEX PCTFREE 10 INITRANS 2 MAXTRANS 255 COMPUTE STATISTICS 
  STORAGE(INITIAL 65536 NEXT 1048576 MINEXTENTS 1 MAXEXTENTS 2147483645
  PCTINCREASE 0 FREELISTS 1 FREELIST GROUPS 1 BUFFER_POOL DEFAULT FLASH_CACHE DEFAULT CELL_FLASH_CACHE DEFAULT)
  TABLESPACE "APEX_4876023932912102"  ENABLE;
  ALTER TABLE "PROINT1"."TB_ADM_DOCENTESXDEPENDENCIA" MODIFY ("NB_DEP_IDN" NOT NULL ENABLE);
  ALTER TABLE "PROINT1"."TB_ADM_DOCENTESXDEPENDENCIA" MODIFY ("NB_DOC_IDN" NOT NULL ENABLE);
  ALTER TABLE "PROINT1"."TB_ADM_DOCENTESXDEPENDENCIA" MODIFY ("NB_DPD_IDN" NOT NULL ENABLE);
--------------------------------------------------------
--  Constraints for Table TB_ADM_ESTADO_SEMESTRE
--------------------------------------------------------

  ALTER TABLE "PROINT1"."TB_ADM_ESTADO_SEMESTRE" ADD CONSTRAINT "GEN_TB_ESTADO_SEMESTRE_PK" PRIMARY KEY ("VR_ESM_CODIGO")
  USING INDEX PCTFREE 10 INITRANS 2 MAXTRANS 255 COMPUTE STATISTICS 
  STORAGE(INITIAL 65536 NEXT 1048576 MINEXTENTS 1 MAXEXTENTS 2147483645
  PCTINCREASE 0 FREELISTS 1 FREELIST GROUPS 1 BUFFER_POOL DEFAULT FLASH_CACHE DEFAULT CELL_FLASH_CACHE DEFAULT)
  TABLESPACE "APEX_4876023932912102"  ENABLE;
  ALTER TABLE "PROINT1"."TB_ADM_ESTADO_SEMESTRE" MODIFY ("VR_ESM_DESCRIPCION" NOT NULL ENABLE);
  ALTER TABLE "PROINT1"."TB_ADM_ESTADO_SEMESTRE" MODIFY ("VR_ESM_CODIGO" NOT NULL ENABLE);
--------------------------------------------------------
--  Constraints for Table TB_ADM_ESTUDIANTE
--------------------------------------------------------

  ALTER TABLE "PROINT1"."TB_ADM_ESTUDIANTE" ADD CONSTRAINT "ESTUDIANTE_PK" PRIMARY KEY ("NB_EST_IDN")
  USING INDEX PCTFREE 10 INITRANS 2 MAXTRANS 255 COMPUTE STATISTICS 
  STORAGE(INITIAL 65536 NEXT 1048576 MINEXTENTS 1 MAXEXTENTS 2147483645
  PCTINCREASE 0 FREELISTS 1 FREELIST GROUPS 1 BUFFER_POOL DEFAULT FLASH_CACHE DEFAULT CELL_FLASH_CACHE DEFAULT)
  TABLESPACE "APEX_4876023932912102"  ENABLE;
  ALTER TABLE "PROINT1"."TB_ADM_ESTUDIANTE" MODIFY ("NB_PER_IDN" NOT NULL ENABLE);
  ALTER TABLE "PROINT1"."TB_ADM_ESTUDIANTE" MODIFY ("NB_EST_IDN" NOT NULL ENABLE);
--------------------------------------------------------
--  Constraints for Table TB_ADM_GRUPO
--------------------------------------------------------

  ALTER TABLE "PROINT1"."TB_ADM_GRUPO" ADD CONSTRAINT "GRUPO_PK" PRIMARY KEY ("NB_GPO_IDN")
  USING INDEX PCTFREE 10 INITRANS 2 MAXTRANS 255 COMPUTE STATISTICS 
  STORAGE(INITIAL 65536 NEXT 1048576 MINEXTENTS 1 MAXEXTENTS 2147483645
  PCTINCREASE 0 FREELISTS 1 FREELIST GROUPS 1 BUFFER_POOL DEFAULT FLASH_CACHE DEFAULT CELL_FLASH_CACHE DEFAULT)
  TABLESPACE "APEX_4876023932912102"  ENABLE;
  ALTER TABLE "PROINT1"."TB_ADM_GRUPO" MODIFY ("VR_GPO_NUMERO" NOT NULL ENABLE);
  ALTER TABLE "PROINT1"."TB_ADM_GRUPO" MODIFY ("NB_GPO_IDN" NOT NULL ENABLE);
--------------------------------------------------------
--  Constraints for Table TB_ADM_MATRICULA
--------------------------------------------------------

  ALTER TABLE "PROINT1"."TB_ADM_MATRICULA" ADD CONSTRAINT "MATRICULA_PK" PRIMARY KEY ("NB_MAT_IDN")
  USING INDEX PCTFREE 10 INITRANS 2 MAXTRANS 255 COMPUTE STATISTICS 
  STORAGE(INITIAL 65536 NEXT 1048576 MINEXTENTS 1 MAXEXTENTS 2147483645
  PCTINCREASE 0 FREELISTS 1 FREELIST GROUPS 1 BUFFER_POOL DEFAULT FLASH_CACHE DEFAULT CELL_FLASH_CACHE DEFAULT)
  TABLESPACE "APEX_4876023932912102"  ENABLE;
  ALTER TABLE "PROINT1"."TB_ADM_MATRICULA" MODIFY ("NB_SEM_IDN" NOT NULL ENABLE);
  ALTER TABLE "PROINT1"."TB_ADM_MATRICULA" MODIFY ("NB_DEP_IDN" NOT NULL ENABLE);
  ALTER TABLE "PROINT1"."TB_ADM_MATRICULA" MODIFY ("NB_EST_IDN" NOT NULL ENABLE);
  ALTER TABLE "PROINT1"."TB_ADM_MATRICULA" MODIFY ("NB_GRU_IDN" NOT NULL ENABLE);
  ALTER TABLE "PROINT1"."TB_ADM_MATRICULA" MODIFY ("NB_MAT_IDN" NOT NULL ENABLE);
--------------------------------------------------------
--  Constraints for Table TB_ADM_MODALIDAD_CURSO
--------------------------------------------------------

  ALTER TABLE "PROINT1"."TB_ADM_MODALIDAD_CURSO" ADD CONSTRAINT "TB_ADM_MODALIDAD_CURSO_PK" PRIMARY KEY ("BN_MCU_IDN")
  USING INDEX PCTFREE 10 INITRANS 2 MAXTRANS 255 COMPUTE STATISTICS 
  STORAGE(INITIAL 65536 NEXT 1048576 MINEXTENTS 1 MAXEXTENTS 2147483645
  PCTINCREASE 0 FREELISTS 1 FREELIST GROUPS 1 BUFFER_POOL DEFAULT FLASH_CACHE DEFAULT CELL_FLASH_CACHE DEFAULT)
  TABLESPACE "APEX_4876023932912102"  ENABLE;
  ALTER TABLE "PROINT1"."TB_ADM_MODALIDAD_CURSO" MODIFY ("VR_MCU_DESCRIPCION" NOT NULL ENABLE);
  ALTER TABLE "PROINT1"."TB_ADM_MODALIDAD_CURSO" MODIFY ("VR_MCU_CODIGO" NOT NULL ENABLE);
  ALTER TABLE "PROINT1"."TB_ADM_MODALIDAD_CURSO" MODIFY ("BN_MCU_IDN" NOT NULL ENABLE);
--------------------------------------------------------
--  Constraints for Table TB_ADM_PAISES
--------------------------------------------------------

  ALTER TABLE "PROINT1"."TB_ADM_PAISES" ADD CONSTRAINT "TB_ADM_PAISES_PK" PRIMARY KEY ("NB_IDN")
  USING INDEX PCTFREE 10 INITRANS 2 MAXTRANS 255 COMPUTE STATISTICS 
  STORAGE(INITIAL 65536 NEXT 1048576 MINEXTENTS 1 MAXEXTENTS 2147483645
  PCTINCREASE 0 FREELISTS 1 FREELIST GROUPS 1 BUFFER_POOL DEFAULT FLASH_CACHE DEFAULT CELL_FLASH_CACHE DEFAULT)
  TABLESPACE "APEX_4876023932912102"  ENABLE;
  ALTER TABLE "PROINT1"."TB_ADM_PAISES" MODIFY ("DT_ADTFECHA" NOT NULL ENABLE);
  ALTER TABLE "PROINT1"."TB_ADM_PAISES" MODIFY ("VR_CODIGO" NOT NULL ENABLE);
  ALTER TABLE "PROINT1"."TB_ADM_PAISES" MODIFY ("VR_DESCRIPCION" NOT NULL ENABLE);
  ALTER TABLE "PROINT1"."TB_ADM_PAISES" MODIFY ("NB_IDN" NOT NULL ENABLE);
--------------------------------------------------------
--  Constraints for Table TB_ADM_PERMISOSXROL
--------------------------------------------------------

  ALTER TABLE "PROINT1"."TB_ADM_PERMISOSXROL" MODIFY ("NB_ROL_IDN" NOT NULL ENABLE);
  ALTER TABLE "PROINT1"."TB_ADM_PERMISOSXROL" MODIFY ("NB_REC_IDN" NOT NULL ENABLE);
  ALTER TABLE "PROINT1"."TB_ADM_PERMISOSXROL" MODIFY ("NB_PXR_IDN" NOT NULL ENABLE);
--------------------------------------------------------
--  Constraints for Table TB_ADM_PERSONA
--------------------------------------------------------

  ALTER TABLE "PROINT1"."TB_ADM_PERSONA" ADD CONSTRAINT "PERSONA_PK" PRIMARY KEY ("NB_IDN")
  USING INDEX PCTFREE 10 INITRANS 2 MAXTRANS 255 COMPUTE STATISTICS 
  STORAGE(INITIAL 65536 NEXT 1048576 MINEXTENTS 1 MAXEXTENTS 2147483645
  PCTINCREASE 0 FREELISTS 1 FREELIST GROUPS 1 BUFFER_POOL DEFAULT FLASH_CACHE DEFAULT CELL_FLASH_CACHE DEFAULT)
  TABLESPACE "APEX_4876023932912102"  ENABLE;
  ALTER TABLE "PROINT1"."TB_ADM_PERSONA" MODIFY ("DT_ADTFECHA" NOT NULL ENABLE);
  ALTER TABLE "PROINT1"."TB_ADM_PERSONA" MODIFY ("VR_ADTUSUARIO" NOT NULL ENABLE);
  ALTER TABLE "PROINT1"."TB_ADM_PERSONA" MODIFY ("VR_IDENTIFICACION" NOT NULL ENABLE);
  ALTER TABLE "PROINT1"."TB_ADM_PERSONA" MODIFY ("NB_TIPOIDENTIFICACION_IDN" NOT NULL ENABLE);
  ALTER TABLE "PROINT1"."TB_ADM_PERSONA" MODIFY ("VR_APELLIDOS" NOT NULL ENABLE);
  ALTER TABLE "PROINT1"."TB_ADM_PERSONA" MODIFY ("VR_NOMBRES" NOT NULL ENABLE);
  ALTER TABLE "PROINT1"."TB_ADM_PERSONA" MODIFY ("NB_IDN" NOT NULL ENABLE);
--------------------------------------------------------
--  Constraints for Table TB_ADM_PROPIEDADES
--------------------------------------------------------

  ALTER TABLE "PROINT1"."TB_ADM_PROPIEDADES" ADD CONSTRAINT "TB_ADM_PROPIEDADES_PK" PRIMARY KEY ("NB_PRP_IDN", "VR_PRP_VALOR")
  USING INDEX PCTFREE 10 INITRANS 2 MAXTRANS 255 COMPUTE STATISTICS 
  STORAGE(INITIAL 65536 NEXT 1048576 MINEXTENTS 1 MAXEXTENTS 2147483645
  PCTINCREASE 0 FREELISTS 1 FREELIST GROUPS 1 BUFFER_POOL DEFAULT FLASH_CACHE DEFAULT CELL_FLASH_CACHE DEFAULT)
  TABLESPACE "APEX_4876023932912102"  ENABLE;
  ALTER TABLE "PROINT1"."TB_ADM_PROPIEDADES" MODIFY ("NB_DEP_IDN" NOT NULL ENABLE);
  ALTER TABLE "PROINT1"."TB_ADM_PROPIEDADES" MODIFY ("VR_PRP_VALOR" NOT NULL ENABLE);
  ALTER TABLE "PROINT1"."TB_ADM_PROPIEDADES" MODIFY ("VR_PRP_CODIGO" NOT NULL ENABLE);
  ALTER TABLE "PROINT1"."TB_ADM_PROPIEDADES" MODIFY ("NB_PRP_IDN" NOT NULL ENABLE);
--------------------------------------------------------
--  Constraints for Table TB_ADM_RECURSO
--------------------------------------------------------

  ALTER TABLE "PROINT1"."TB_ADM_RECURSO" ADD CONSTRAINT "FUNCIONALIDAD_PK" PRIMARY KEY ("NB_REC_IDN")
  USING INDEX PCTFREE 10 INITRANS 2 MAXTRANS 255 COMPUTE STATISTICS 
  STORAGE(INITIAL 65536 NEXT 1048576 MINEXTENTS 1 MAXEXTENTS 2147483645
  PCTINCREASE 0 FREELISTS 1 FREELIST GROUPS 1 BUFFER_POOL DEFAULT FLASH_CACHE DEFAULT CELL_FLASH_CACHE DEFAULT)
  TABLESPACE "APEX_4876023932912102"  ENABLE;
  ALTER TABLE "PROINT1"."TB_ADM_RECURSO" MODIFY ("NB_REC_RECPADRE" NOT NULL ENABLE);
  ALTER TABLE "PROINT1"."TB_ADM_RECURSO" MODIFY ("VR_REC_TIPO" NOT NULL ENABLE);
  ALTER TABLE "PROINT1"."TB_ADM_RECURSO" MODIFY ("VR_REC_NOMBRE" NOT NULL ENABLE);
  ALTER TABLE "PROINT1"."TB_ADM_RECURSO" MODIFY ("NB_REC_IDN" NOT NULL ENABLE);
--------------------------------------------------------
--  Constraints for Table TB_ADM_ROL
--------------------------------------------------------

  ALTER TABLE "PROINT1"."TB_ADM_ROL" ADD CONSTRAINT "ROL_PK" PRIMARY KEY ("NB_ROL_IDN")
  USING INDEX PCTFREE 10 INITRANS 2 MAXTRANS 255 COMPUTE STATISTICS 
  STORAGE(INITIAL 65536 NEXT 1048576 MINEXTENTS 1 MAXEXTENTS 2147483645
  PCTINCREASE 0 FREELISTS 1 FREELIST GROUPS 1 BUFFER_POOL DEFAULT FLASH_CACHE DEFAULT CELL_FLASH_CACHE DEFAULT)
  TABLESPACE "APEX_4876023932912102"  ENABLE;
  ALTER TABLE "PROINT1"."TB_ADM_ROL" MODIFY ("VR_ROL_NOMBRE" NOT NULL ENABLE);
  ALTER TABLE "PROINT1"."TB_ADM_ROL" MODIFY ("NB_ROL_IDN" NOT NULL ENABLE);
--------------------------------------------------------
--  Constraints for Table TB_ADM_SEMESTRE
--------------------------------------------------------

  ALTER TABLE "PROINT1"."TB_ADM_SEMESTRE" ADD CONSTRAINT "SEMESTRE_PK" PRIMARY KEY ("NB_SEM_IDN")
  USING INDEX PCTFREE 10 INITRANS 2 MAXTRANS 255 COMPUTE STATISTICS 
  STORAGE(INITIAL 65536 NEXT 1048576 MINEXTENTS 1 MAXEXTENTS 2147483645
  PCTINCREASE 0 FREELISTS 1 FREELIST GROUPS 1 BUFFER_POOL DEFAULT FLASH_CACHE DEFAULT CELL_FLASH_CACHE DEFAULT)
  TABLESPACE "APEX_4876023932912102"  ENABLE;
  ALTER TABLE "PROINT1"."TB_ADM_SEMESTRE" MODIFY ("NB_DEP_IDN" NOT NULL ENABLE);
  ALTER TABLE "PROINT1"."TB_ADM_SEMESTRE" MODIFY ("VR_ESM_CODIGO" NOT NULL ENABLE);
  ALTER TABLE "PROINT1"."TB_ADM_SEMESTRE" MODIFY ("NB_SEM_IDN" NOT NULL ENABLE);
--------------------------------------------------------
--  Constraints for Table TB_ADM_SEMESTREXCURSO
--------------------------------------------------------

  ALTER TABLE "PROINT1"."TB_ADM_SEMESTREXCURSO" ADD CONSTRAINT "SEMESTREXCURSO_PK" PRIMARY KEY ("NB_SCU_IDN")
  USING INDEX PCTFREE 10 INITRANS 2 MAXTRANS 255 COMPUTE STATISTICS 
  STORAGE(INITIAL 65536 NEXT 1048576 MINEXTENTS 1 MAXEXTENTS 2147483645
  PCTINCREASE 0 FREELISTS 1 FREELIST GROUPS 1 BUFFER_POOL DEFAULT FLASH_CACHE DEFAULT CELL_FLASH_CACHE DEFAULT)
  TABLESPACE "APEX_4876023932912102"  ENABLE;
  ALTER TABLE "PROINT1"."TB_ADM_SEMESTREXCURSO" MODIFY ("NB_MCU_IDN" NOT NULL ENABLE);
  ALTER TABLE "PROINT1"."TB_ADM_SEMESTREXCURSO" MODIFY ("NB_CUR_IDN" NOT NULL ENABLE);
  ALTER TABLE "PROINT1"."TB_ADM_SEMESTREXCURSO" MODIFY ("NB_GRU_IDN" NOT NULL ENABLE);
  ALTER TABLE "PROINT1"."TB_ADM_SEMESTREXCURSO" MODIFY ("NB_SEM_IDN" NOT NULL ENABLE);
  ALTER TABLE "PROINT1"."TB_ADM_SEMESTREXCURSO" MODIFY ("NB_SCU_IDN" NOT NULL ENABLE);
--------------------------------------------------------
--  Constraints for Table TB_ADM_TAREAS_PROGRAMADAS
--------------------------------------------------------

  ALTER TABLE "PROINT1"."TB_ADM_TAREAS_PROGRAMADAS" ADD CONSTRAINT "TB_ACT_ALERTAS_PK" PRIMARY KEY ("NB_TPR_IDN")
  USING INDEX PCTFREE 10 INITRANS 2 MAXTRANS 255 COMPUTE STATISTICS 
  STORAGE(INITIAL 65536 NEXT 1048576 MINEXTENTS 1 MAXEXTENTS 2147483645
  PCTINCREASE 0 FREELISTS 1 FREELIST GROUPS 1 BUFFER_POOL DEFAULT FLASH_CACHE DEFAULT CELL_FLASH_CACHE DEFAULT)
  TABLESPACE "APEX_4876023932912102"  ENABLE;
  ALTER TABLE "PROINT1"."TB_ADM_TAREAS_PROGRAMADAS" MODIFY ("NB_DEP_IDN" NOT NULL ENABLE);
  ALTER TABLE "PROINT1"."TB_ADM_TAREAS_PROGRAMADAS" MODIFY ("NB_TPR_ACTIVA" NOT NULL ENABLE);
  ALTER TABLE "PROINT1"."TB_ADM_TAREAS_PROGRAMADAS" MODIFY ("VR_TPR_MANAGER" NOT NULL ENABLE);
  ALTER TABLE "PROINT1"."TB_ADM_TAREAS_PROGRAMADAS" MODIFY ("VR_TPR_NOMBRE" NOT NULL ENABLE);
  ALTER TABLE "PROINT1"."TB_ADM_TAREAS_PROGRAMADAS" MODIFY ("NB_TPR_IDN" NOT NULL ENABLE);
--------------------------------------------------------
--  Constraints for Table TB_ADM_TIPO_DEPENDENCIA
--------------------------------------------------------

  ALTER TABLE "PROINT1"."TB_ADM_TIPO_DEPENDENCIA" ADD CONSTRAINT "TB_GEN_TIPO_DEPENDENCIA_PK" PRIMARY KEY ("VR_TDP_CODIGO")
  USING INDEX PCTFREE 10 INITRANS 2 MAXTRANS 255 COMPUTE STATISTICS 
  STORAGE(INITIAL 65536 NEXT 1048576 MINEXTENTS 1 MAXEXTENTS 2147483645
  PCTINCREASE 0 FREELISTS 1 FREELIST GROUPS 1 BUFFER_POOL DEFAULT FLASH_CACHE DEFAULT CELL_FLASH_CACHE DEFAULT)
  TABLESPACE "APEX_4876023932912102"  ENABLE;
  ALTER TABLE "PROINT1"."TB_ADM_TIPO_DEPENDENCIA" MODIFY ("VR_TDP_NOMBRE" NOT NULL ENABLE);
  ALTER TABLE "PROINT1"."TB_ADM_TIPO_DEPENDENCIA" MODIFY ("VR_TDP_CODIGO" NOT NULL ENABLE);
--------------------------------------------------------
--  Constraints for Table TB_ADM_TIPOIDENTIFICACION
--------------------------------------------------------

  ALTER TABLE "PROINT1"."TB_ADM_TIPOIDENTIFICACION" ADD CONSTRAINT "TB_ADM_TIPOIDENTIFICACION_PK" PRIMARY KEY ("NB_IDN")
  USING INDEX PCTFREE 10 INITRANS 2 MAXTRANS 255 COMPUTE STATISTICS 
  STORAGE(INITIAL 65536 NEXT 1048576 MINEXTENTS 1 MAXEXTENTS 2147483645
  PCTINCREASE 0 FREELISTS 1 FREELIST GROUPS 1 BUFFER_POOL DEFAULT FLASH_CACHE DEFAULT CELL_FLASH_CACHE DEFAULT)
  TABLESPACE "APEX_4876023932912102"  ENABLE;
  ALTER TABLE "PROINT1"."TB_ADM_TIPOIDENTIFICACION" MODIFY ("VR_DESCRIPCION" NOT NULL ENABLE);
  ALTER TABLE "PROINT1"."TB_ADM_TIPOIDENTIFICACION" MODIFY ("VR_ADTUSUARIO" NOT NULL ENABLE);
  ALTER TABLE "PROINT1"."TB_ADM_TIPOIDENTIFICACION" MODIFY ("DT_ADTFECHA" NOT NULL ENABLE);
  ALTER TABLE "PROINT1"."TB_ADM_TIPOIDENTIFICACION" MODIFY ("NB_IDN" NOT NULL ENABLE);
--------------------------------------------------------
--  Constraints for Table TB_ADM_UNIDAD_ACADEMICA
--------------------------------------------------------

  ALTER TABLE "PROINT1"."TB_ADM_UNIDAD_ACADEMICA" ADD CONSTRAINT "TB_GEN_UNIDAD_ACADEMICA_PK" PRIMARY KEY ("NB_UNI_IDN")
  USING INDEX PCTFREE 10 INITRANS 2 MAXTRANS 255 COMPUTE STATISTICS 
  STORAGE(INITIAL 65536 NEXT 1048576 MINEXTENTS 1 MAXEXTENTS 2147483645
  PCTINCREASE 0 FREELISTS 1 FREELIST GROUPS 1 BUFFER_POOL DEFAULT FLASH_CACHE DEFAULT CELL_FLASH_CACHE DEFAULT)
  TABLESPACE "APEX_4876023932912102"  ENABLE;
  ALTER TABLE "PROINT1"."TB_ADM_UNIDAD_ACADEMICA" MODIFY ("VR_UNI_NOMBRE" NOT NULL ENABLE);
  ALTER TABLE "PROINT1"."TB_ADM_UNIDAD_ACADEMICA" MODIFY ("NB_UNI_IDN" NOT NULL ENABLE);
--------------------------------------------------------
--  Constraints for Table TB_ADM_UNIVERSIDADES
--------------------------------------------------------

  ALTER TABLE "PROINT1"."TB_ADM_UNIVERSIDADES" ADD CONSTRAINT "TB_ADM_UNIVERSIDADES_PK" PRIMARY KEY ("NB_IDM")
  USING INDEX PCTFREE 10 INITRANS 2 MAXTRANS 255 COMPUTE STATISTICS 
  STORAGE(INITIAL 65536 NEXT 1048576 MINEXTENTS 1 MAXEXTENTS 2147483645
  PCTINCREASE 0 FREELISTS 1 FREELIST GROUPS 1 BUFFER_POOL DEFAULT FLASH_CACHE DEFAULT CELL_FLASH_CACHE DEFAULT)
  TABLESPACE "APEX_4876023932912102"  ENABLE;
  ALTER TABLE "PROINT1"."TB_ADM_UNIVERSIDADES" MODIFY ("NB_PAIS_IDN" NOT NULL ENABLE);
  ALTER TABLE "PROINT1"."TB_ADM_UNIVERSIDADES" MODIFY ("VR_ADTUSUARIO" NOT NULL ENABLE);
  ALTER TABLE "PROINT1"."TB_ADM_UNIVERSIDADES" MODIFY ("DT_ADTFECHA" NOT NULL ENABLE);
  ALTER TABLE "PROINT1"."TB_ADM_UNIVERSIDADES" MODIFY ("VR_NOMBRE" NOT NULL ENABLE);
  ALTER TABLE "PROINT1"."TB_ADM_UNIVERSIDADES" MODIFY ("NB_IDM" NOT NULL ENABLE);
--------------------------------------------------------
--  Constraints for Table TB_ADM_USUARIO
--------------------------------------------------------

  ALTER TABLE "PROINT1"."TB_ADM_USUARIO" ADD CONSTRAINT "USUARIO_PK" PRIMARY KEY ("NB_USU_IDN")
  USING INDEX PCTFREE 10 INITRANS 2 MAXTRANS 255 COMPUTE STATISTICS 
  STORAGE(INITIAL 65536 NEXT 1048576 MINEXTENTS 1 MAXEXTENTS 2147483645
  PCTINCREASE 0 FREELISTS 1 FREELIST GROUPS 1 BUFFER_POOL DEFAULT FLASH_CACHE DEFAULT CELL_FLASH_CACHE DEFAULT)
  TABLESPACE "APEX_4876023932912102"  ENABLE;
  ALTER TABLE "PROINT1"."TB_ADM_USUARIO" MODIFY ("NB_PER_IDN" NOT NULL ENABLE);
  ALTER TABLE "PROINT1"."TB_ADM_USUARIO" MODIFY ("NB_USU_ACTIVO" NOT NULL ENABLE);
  ALTER TABLE "PROINT1"."TB_ADM_USUARIO" MODIFY ("VR_USU_LOGIN" NOT NULL ENABLE);
  ALTER TABLE "PROINT1"."TB_ADM_USUARIO" MODIFY ("NB_USU_IDN" NOT NULL ENABLE);
--------------------------------------------------------
--  Constraints for Table TB_ADM_USUARIOXROL
--------------------------------------------------------

  ALTER TABLE "PROINT1"."TB_ADM_USUARIOXROL" ADD CONSTRAINT "TB_ADM_USUARIOXROL_PK" PRIMARY KEY ("NB_UXR_IDN")
  USING INDEX PCTFREE 10 INITRANS 2 MAXTRANS 255 COMPUTE STATISTICS 
  STORAGE(INITIAL 65536 NEXT 1048576 MINEXTENTS 1 MAXEXTENTS 2147483645
  PCTINCREASE 0 FREELISTS 1 FREELIST GROUPS 1 BUFFER_POOL DEFAULT FLASH_CACHE DEFAULT CELL_FLASH_CACHE DEFAULT)
  TABLESPACE "APEX_4876023932912102"  ENABLE;
  ALTER TABLE "PROINT1"."TB_ADM_USUARIOXROL" MODIFY ("NB_USU_IDN" NOT NULL ENABLE);
  ALTER TABLE "PROINT1"."TB_ADM_USUARIOXROL" MODIFY ("NB_ROL_IDN" NOT NULL ENABLE);
  ALTER TABLE "PROINT1"."TB_ADM_USUARIOXROL" MODIFY ("NB_UXR_IDN" NOT NULL ENABLE);
--------------------------------------------------------
--  Constraints for Table TB_MIC_ACTA
--------------------------------------------------------

  ALTER TABLE "PROINT1"."TB_MIC_ACTA" ADD CONSTRAINT "ACTA_PK" PRIMARY KEY ("NB_ACT_IDN")
  USING INDEX PCTFREE 10 INITRANS 2 MAXTRANS 255 COMPUTE STATISTICS 
  STORAGE(INITIAL 65536 NEXT 1048576 MINEXTENTS 1 MAXEXTENTS 2147483645
  PCTINCREASE 0 FREELISTS 1 FREELIST GROUPS 1 BUFFER_POOL DEFAULT FLASH_CACHE DEFAULT CELL_FLASH_CACHE DEFAULT)
  TABLESPACE "APEX_4876023932912102"  ENABLE;
  ALTER TABLE "PROINT1"."TB_MIC_ACTA" MODIFY ("NB_ACT_IDN" NOT NULL ENABLE);
--------------------------------------------------------
--  Constraints for Table TB_MIC_CURSOSXPENSUM
--------------------------------------------------------

  ALTER TABLE "PROINT1"."TB_MIC_CURSOSXPENSUM" ADD CONSTRAINT "CURSOSXPENSUM_PK" PRIMARY KEY ("NB_CPE_IDN")
  USING INDEX PCTFREE 10 INITRANS 2 MAXTRANS 255 COMPUTE STATISTICS 
  STORAGE(INITIAL 65536 NEXT 1048576 MINEXTENTS 1 MAXEXTENTS 2147483645
  PCTINCREASE 0 FREELISTS 1 FREELIST GROUPS 1 BUFFER_POOL DEFAULT FLASH_CACHE DEFAULT CELL_FLASH_CACHE DEFAULT)
  TABLESPACE "APEX_4876023932912102"  ENABLE;
  ALTER TABLE "PROINT1"."TB_MIC_CURSOSXPENSUM" MODIFY ("NB_CUR_IDN" NOT NULL ENABLE);
  ALTER TABLE "PROINT1"."TB_MIC_CURSOSXPENSUM" MODIFY ("NB_VPE_IDN" NOT NULL ENABLE);
  ALTER TABLE "PROINT1"."TB_MIC_CURSOSXPENSUM" MODIFY ("NB_CPE_IDN" NOT NULL ENABLE);
--------------------------------------------------------
--  Constraints for Table TB_MIC_ESTADOMIC
--------------------------------------------------------

  ALTER TABLE "PROINT1"."TB_MIC_ESTADOMIC" ADD CONSTRAINT "TB_MIC_ESTADOMIC_PK" PRIMARY KEY ("NB_EST_IDN")
  USING INDEX PCTFREE 10 INITRANS 2 MAXTRANS 255 COMPUTE STATISTICS 
  STORAGE(INITIAL 65536 NEXT 1048576 MINEXTENTS 1 MAXEXTENTS 2147483645
  PCTINCREASE 0 FREELISTS 1 FREELIST GROUPS 1 BUFFER_POOL DEFAULT FLASH_CACHE DEFAULT CELL_FLASH_CACHE DEFAULT)
  TABLESPACE "APEX_4876023932912102"  ENABLE;
  ALTER TABLE "PROINT1"."TB_MIC_ESTADOMIC" MODIFY ("NB_EST_IDN" NOT NULL ENABLE);
--------------------------------------------------------
--  Constraints for Table TB_MIC_EVALUACION
--------------------------------------------------------

  ALTER TABLE "PROINT1"."TB_MIC_EVALUACION" ADD CONSTRAINT "TB_MIC_EVALUACION_PK" PRIMARY KEY ("NB_EV_IDN")
  USING INDEX PCTFREE 10 INITRANS 2 MAXTRANS 255 COMPUTE STATISTICS 
  STORAGE(INITIAL 65536 NEXT 1048576 MINEXTENTS 1 MAXEXTENTS 2147483645
  PCTINCREASE 0 FREELISTS 1 FREELIST GROUPS 1 BUFFER_POOL DEFAULT FLASH_CACHE DEFAULT CELL_FLASH_CACHE DEFAULT)
  TABLESPACE "APEX_4876023932912102"  ENABLE;
  ALTER TABLE "PROINT1"."TB_MIC_EVALUACION" MODIFY ("NB_EV_IDN" NOT NULL ENABLE);
--------------------------------------------------------
--  Constraints for Table TB_MIC_MICROCURRICULO
--------------------------------------------------------

  ALTER TABLE "PROINT1"."TB_MIC_MICROCURRICULO" ADD CONSTRAINT "MICROCURRICULO_PK" PRIMARY KEY ("NB_MIC_IDN")
  USING INDEX PCTFREE 10 INITRANS 2 MAXTRANS 255 COMPUTE STATISTICS 
  STORAGE(INITIAL 65536 NEXT 1048576 MINEXTENTS 1 MAXEXTENTS 2147483645
  PCTINCREASE 0 FREELISTS 1 FREELIST GROUPS 1 BUFFER_POOL DEFAULT FLASH_CACHE DEFAULT CELL_FLASH_CACHE DEFAULT)
  TABLESPACE "APEX_4876023932912102"  ENABLE;
  ALTER TABLE "PROINT1"."TB_MIC_MICROCURRICULO" MODIFY ("NB_MIC_UNIDAD" NOT NULL ENABLE);
  ALTER TABLE "PROINT1"."TB_MIC_MICROCURRICULO" MODIFY ("NB_MIC_PROGRAM" NOT NULL ENABLE);
  ALTER TABLE "PROINT1"."TB_MIC_MICROCURRICULO" MODIFY ("NB_NAC_IDN" NOT NULL ENABLE);
  ALTER TABLE "PROINT1"."TB_MIC_MICROCURRICULO" MODIFY ("NB_ACT_IDN" NOT NULL ENABLE);
  ALTER TABLE "PROINT1"."TB_MIC_MICROCURRICULO" MODIFY ("NB_SCU_IDN" NOT NULL ENABLE);
  ALTER TABLE "PROINT1"."TB_MIC_MICROCURRICULO" MODIFY ("VR_MIC_NOMBRE" NOT NULL ENABLE);
  ALTER TABLE "PROINT1"."TB_MIC_MICROCURRICULO" MODIFY ("NB_MIC_IDN" NOT NULL ENABLE);
--------------------------------------------------------
--  Constraints for Table TB_MIC_NUCLEOACADEMICO
--------------------------------------------------------

  ALTER TABLE "PROINT1"."TB_MIC_NUCLEOACADEMICO" ADD CONSTRAINT "NUCLEOACADEMICO_PK" PRIMARY KEY ("NB_NAC_IDN")
  USING INDEX PCTFREE 10 INITRANS 2 MAXTRANS 255 COMPUTE STATISTICS 
  STORAGE(INITIAL 65536 NEXT 1048576 MINEXTENTS 1 MAXEXTENTS 2147483645
  PCTINCREASE 0 FREELISTS 1 FREELIST GROUPS 1 BUFFER_POOL DEFAULT FLASH_CACHE DEFAULT CELL_FLASH_CACHE DEFAULT)
  TABLESPACE "APEX_4876023932912102"  ENABLE;
  ALTER TABLE "PROINT1"."TB_MIC_NUCLEOACADEMICO" MODIFY ("NB_NAC_IDN" NOT NULL ENABLE);
--------------------------------------------------------
--  Constraints for Table TB_MIC_UNIDADES
--------------------------------------------------------

  ALTER TABLE "PROINT1"."TB_MIC_UNIDADES" MODIFY ("NB_UNI_IDN" NOT NULL ENABLE);
  ALTER TABLE "PROINT1"."TB_MIC_UNIDADES" ADD CONSTRAINT "TB_MIC_UNIDADES_PK" PRIMARY KEY ("NB_UNI_IDN")
  USING INDEX PCTFREE 10 INITRANS 2 MAXTRANS 255 COMPUTE STATISTICS 
  STORAGE(INITIAL 65536 NEXT 1048576 MINEXTENTS 1 MAXEXTENTS 2147483645
  PCTINCREASE 0 FREELISTS 1 FREELIST GROUPS 1 BUFFER_POOL DEFAULT FLASH_CACHE DEFAULT CELL_FLASH_CACHE DEFAULT)
  TABLESPACE "APEX_4876023932912102"  ENABLE;
--------------------------------------------------------
--  Constraints for Table TB_MIC_VERSIONPENSUM
--------------------------------------------------------

  ALTER TABLE "PROINT1"."TB_MIC_VERSIONPENSUM" MODIFY ("NB_VPE_IDN" NOT NULL ENABLE);
  ALTER TABLE "PROINT1"."TB_MIC_VERSIONPENSUM" ADD CONSTRAINT "VERSIONPENSUM_PK" PRIMARY KEY ("NB_VPE_IDN")
  USING INDEX PCTFREE 10 INITRANS 2 MAXTRANS 255 COMPUTE STATISTICS 
  STORAGE(INITIAL 65536 NEXT 1048576 MINEXTENTS 1 MAXEXTENTS 2147483645
  PCTINCREASE 0 FREELISTS 1 FREELIST GROUPS 1 BUFFER_POOL DEFAULT FLASH_CACHE DEFAULT CELL_FLASH_CACHE DEFAULT)
  TABLESPACE "APEX_4876023932912102"  ENABLE;
--------------------------------------------------------
--  Constraints for Table TB_PRD_AUTOR
--------------------------------------------------------

  ALTER TABLE "PROINT1"."TB_PRD_AUTOR" ADD CONSTRAINT "AUTOR_PK" PRIMARY KEY ("NB_AUT_IDN")
  USING INDEX PCTFREE 10 INITRANS 2 MAXTRANS 255 COMPUTE STATISTICS 
  STORAGE(INITIAL 65536 NEXT 1048576 MINEXTENTS 1 MAXEXTENTS 2147483645
  PCTINCREASE 0 FREELISTS 1 FREELIST GROUPS 1 BUFFER_POOL DEFAULT FLASH_CACHE DEFAULT CELL_FLASH_CACHE DEFAULT)
  TABLESPACE "APEX_4876023932912102"  ENABLE;
  ALTER TABLE "PROINT1"."TB_PRD_AUTOR" MODIFY ("DT_ADTFECHA" NOT NULL ENABLE);
  ALTER TABLE "PROINT1"."TB_PRD_AUTOR" MODIFY ("VR_ADTUSUARIO" NOT NULL ENABLE);
  ALTER TABLE "PROINT1"."TB_PRD_AUTOR" MODIFY ("VR_PAIS_IDN" NOT NULL ENABLE);
  ALTER TABLE "PROINT1"."TB_PRD_AUTOR" MODIFY ("NB_PER_IDN" NOT NULL ENABLE);
  ALTER TABLE "PROINT1"."TB_PRD_AUTOR" MODIFY ("NB_AUT_IDN" NOT NULL ENABLE);
--------------------------------------------------------
--  Constraints for Table TB_PRD_AUTORESXPRODUCCION
--------------------------------------------------------

  ALTER TABLE "PROINT1"."TB_PRD_AUTORESXPRODUCCION" ADD CONSTRAINT "AUTORESXPRODUCCION_PK" PRIMARY KEY ("NB_PRO_IDN", "NB_AUT_IDN")
  USING INDEX PCTFREE 10 INITRANS 2 MAXTRANS 255 COMPUTE STATISTICS 
  STORAGE(INITIAL 65536 NEXT 1048576 MINEXTENTS 1 MAXEXTENTS 2147483645
  PCTINCREASE 0 FREELISTS 1 FREELIST GROUPS 1 BUFFER_POOL DEFAULT FLASH_CACHE DEFAULT CELL_FLASH_CACHE DEFAULT)
  TABLESPACE "APEX_4876023932912102"  ENABLE;
  ALTER TABLE "PROINT1"."TB_PRD_AUTORESXPRODUCCION" MODIFY ("DT_ADTFECHA" NOT NULL ENABLE);
  ALTER TABLE "PROINT1"."TB_PRD_AUTORESXPRODUCCION" MODIFY ("VR_ADTUSUARIO" NOT NULL ENABLE);
  ALTER TABLE "PROINT1"."TB_PRD_AUTORESXPRODUCCION" MODIFY ("NB_AUT_IDN" NOT NULL ENABLE);
  ALTER TABLE "PROINT1"."TB_PRD_AUTORESXPRODUCCION" MODIFY ("NB_PRO_IDN" NOT NULL ENABLE);
--------------------------------------------------------
--  Constraints for Table TB_PRD_CAMPOS
--------------------------------------------------------

  ALTER TABLE "PROINT1"."TB_PRD_CAMPOS" ADD CONSTRAINT "TB_CAMPOS_PK" PRIMARY KEY ("NB_IDN")
  USING INDEX PCTFREE 10 INITRANS 2 MAXTRANS 255 COMPUTE STATISTICS 
  STORAGE(INITIAL 65536 NEXT 1048576 MINEXTENTS 1 MAXEXTENTS 2147483645
  PCTINCREASE 0 FREELISTS 1 FREELIST GROUPS 1 BUFFER_POOL DEFAULT FLASH_CACHE DEFAULT CELL_FLASH_CACHE DEFAULT)
  TABLESPACE "APEX_4876023932912102"  ENABLE;
  ALTER TABLE "PROINT1"."TB_PRD_CAMPOS" MODIFY ("DT_ADTFECHA" NOT NULL ENABLE);
  ALTER TABLE "PROINT1"."TB_PRD_CAMPOS" MODIFY ("VR_ADTUSUARIO" NOT NULL ENABLE);
  ALTER TABLE "PROINT1"."TB_PRD_CAMPOS" MODIFY ("BL_ESTADO" NOT NULL ENABLE);
  ALTER TABLE "PROINT1"."TB_PRD_CAMPOS" MODIFY ("NB_TAMAÑOCAMPO" NOT NULL ENABLE);
  ALTER TABLE "PROINT1"."TB_PRD_CAMPOS" MODIFY ("VR_TIPOCAMPO" NOT NULL ENABLE);
  ALTER TABLE "PROINT1"."TB_PRD_CAMPOS" MODIFY ("VR_DESCRIPCION" NOT NULL ENABLE);
  ALTER TABLE "PROINT1"."TB_PRD_CAMPOS" MODIFY ("NB_IDN" NOT NULL ENABLE);
--------------------------------------------------------
--  Constraints for Table TB_PRD_DETALLEPRODUCCIONES
--------------------------------------------------------

  ALTER TABLE "PROINT1"."TB_PRD_DETALLEPRODUCCIONES" ADD CONSTRAINT "TB_PRD_DETALLEPRODUCIONES_PK" PRIMARY KEY ("NB_IDN")
  USING INDEX PCTFREE 10 INITRANS 2 MAXTRANS 255 COMPUTE STATISTICS 
  STORAGE(INITIAL 65536 NEXT 1048576 MINEXTENTS 1 MAXEXTENTS 2147483645
  PCTINCREASE 0 FREELISTS 1 FREELIST GROUPS 1 BUFFER_POOL DEFAULT FLASH_CACHE DEFAULT CELL_FLASH_CACHE DEFAULT)
  TABLESPACE "APEX_4876023932912102"  ENABLE;
  ALTER TABLE "PROINT1"."TB_PRD_DETALLEPRODUCCIONES" MODIFY ("DT_ADTFECHA" NOT NULL ENABLE);
  ALTER TABLE "PROINT1"."TB_PRD_DETALLEPRODUCCIONES" MODIFY ("VR_ADTUSUARIO" NOT NULL ENABLE);
  ALTER TABLE "PROINT1"."TB_PRD_DETALLEPRODUCCIONES" MODIFY ("BL_ESTADO" NOT NULL ENABLE);
  ALTER TABLE "PROINT1"."TB_PRD_DETALLEPRODUCCIONES" MODIFY ("NB_TIPOPRODUCCIONCAMPOS_IDN" NOT NULL ENABLE);
  ALTER TABLE "PROINT1"."TB_PRD_DETALLEPRODUCCIONES" MODIFY ("NB_PRODUCCION_IDN" NOT NULL ENABLE);
  ALTER TABLE "PROINT1"."TB_PRD_DETALLEPRODUCCIONES" MODIFY ("NB_IDN" NOT NULL ENABLE);
--------------------------------------------------------
--  Constraints for Table TB_PRD_GRUPOINVESTIGACION
--------------------------------------------------------

  ALTER TABLE "PROINT1"."TB_PRD_GRUPOINVESTIGACION" ADD CONSTRAINT "GRUPOINVESTIGACION_PK" PRIMARY KEY ("NB_IDN")
  USING INDEX PCTFREE 10 INITRANS 2 MAXTRANS 255 COMPUTE STATISTICS 
  STORAGE(INITIAL 65536 NEXT 1048576 MINEXTENTS 1 MAXEXTENTS 2147483645
  PCTINCREASE 0 FREELISTS 1 FREELIST GROUPS 1 BUFFER_POOL DEFAULT FLASH_CACHE DEFAULT CELL_FLASH_CACHE DEFAULT)
  TABLESPACE "APEX_4876023932912102"  ENABLE;
  ALTER TABLE "PROINT1"."TB_PRD_GRUPOINVESTIGACION" MODIFY ("DT_ADTFECHA" NOT NULL ENABLE);
  ALTER TABLE "PROINT1"."TB_PRD_GRUPOINVESTIGACION" MODIFY ("VR_ADTUSUARIO" NOT NULL ENABLE);
  ALTER TABLE "PROINT1"."TB_PRD_GRUPOINVESTIGACION" MODIFY ("BL_ESTADO" NOT NULL ENABLE);
  ALTER TABLE "PROINT1"."TB_PRD_GRUPOINVESTIGACION" MODIFY ("NB_AUXILIAR" NOT NULL ENABLE);
  ALTER TABLE "PROINT1"."TB_PRD_GRUPOINVESTIGACION" MODIFY ("NB_DIRECTOR" NOT NULL ENABLE);
  ALTER TABLE "PROINT1"."TB_PRD_GRUPOINVESTIGACION" MODIFY ("DT_FECHACREACION" NOT NULL ENABLE);
  ALTER TABLE "PROINT1"."TB_PRD_GRUPOINVESTIGACION" MODIFY ("VR_NOMBRE" NOT NULL ENABLE);
  ALTER TABLE "PROINT1"."TB_PRD_GRUPOINVESTIGACION" MODIFY ("NB_IDN" NOT NULL ENABLE);
--------------------------------------------------------
--  Constraints for Table TB_PRD_MIEMBROSXGRUPO
--------------------------------------------------------

  ALTER TABLE "PROINT1"."TB_PRD_MIEMBROSXGRUPO" MODIFY ("NB_GPI_IDN" NOT NULL ENABLE);
  ALTER TABLE "PROINT1"."TB_PRD_MIEMBROSXGRUPO" MODIFY ("NB_AUT_IDN" NOT NULL ENABLE);
--------------------------------------------------------
--  Constraints for Table TB_PRD_PRODUCCION
--------------------------------------------------------

  ALTER TABLE "PROINT1"."TB_PRD_PRODUCCION" ADD CONSTRAINT "PRODUCCION_PK" PRIMARY KEY ("NB_IDN")
  USING INDEX PCTFREE 10 INITRANS 2 MAXTRANS 255 COMPUTE STATISTICS 
  STORAGE(INITIAL 65536 NEXT 1048576 MINEXTENTS 1 MAXEXTENTS 2147483645
  PCTINCREASE 0 FREELISTS 1 FREELIST GROUPS 1 BUFFER_POOL DEFAULT FLASH_CACHE DEFAULT CELL_FLASH_CACHE DEFAULT)
  TABLESPACE "APEX_4876023932912102"  ENABLE;
  ALTER TABLE "PROINT1"."TB_PRD_PRODUCCION" MODIFY ("DT_ADTFECHA" NOT NULL ENABLE);
  ALTER TABLE "PROINT1"."TB_PRD_PRODUCCION" MODIFY ("VR_ADTUSUARIO" NOT NULL ENABLE);
  ALTER TABLE "PROINT1"."TB_PRD_PRODUCCION" MODIFY ("BL_ESTADO" NOT NULL ENABLE);
  ALTER TABLE "PROINT1"."TB_PRD_PRODUCCION" MODIFY ("NB_TPR_IDN" NOT NULL ENABLE);
  ALTER TABLE "PROINT1"."TB_PRD_PRODUCCION" MODIFY ("DT_FECHAPUBLICACION" NOT NULL ENABLE);
  ALTER TABLE "PROINT1"."TB_PRD_PRODUCCION" MODIFY ("VR_NOMBREPRODUCCION" NOT NULL ENABLE);
  ALTER TABLE "PROINT1"."TB_PRD_PRODUCCION" MODIFY ("NB_IDN" NOT NULL ENABLE);
--------------------------------------------------------
--  Constraints for Table TB_PRD_TIPOPRODUCCION
--------------------------------------------------------

  ALTER TABLE "PROINT1"."TB_PRD_TIPOPRODUCCION" ADD CONSTRAINT "TIPOPRODUCCION_PK" PRIMARY KEY ("NB_IDN")
  USING INDEX PCTFREE 10 INITRANS 2 MAXTRANS 255 COMPUTE STATISTICS 
  STORAGE(INITIAL 65536 NEXT 1048576 MINEXTENTS 1 MAXEXTENTS 2147483645
  PCTINCREASE 0 FREELISTS 1 FREELIST GROUPS 1 BUFFER_POOL DEFAULT FLASH_CACHE DEFAULT CELL_FLASH_CACHE DEFAULT)
  TABLESPACE "APEX_4876023932912102"  ENABLE;
  ALTER TABLE "PROINT1"."TB_PRD_TIPOPRODUCCION" MODIFY ("DT_ADTFECHA" NOT NULL ENABLE);
  ALTER TABLE "PROINT1"."TB_PRD_TIPOPRODUCCION" MODIFY ("VR_ADTUSUARIO" NOT NULL ENABLE);
  ALTER TABLE "PROINT1"."TB_PRD_TIPOPRODUCCION" MODIFY ("BL_ESTADO" NOT NULL ENABLE);
  ALTER TABLE "PROINT1"."TB_PRD_TIPOPRODUCCION" MODIFY ("VR_DESCRIPCION" NOT NULL ENABLE);
  ALTER TABLE "PROINT1"."TB_PRD_TIPOPRODUCCION" MODIFY ("NB_IDN" NOT NULL ENABLE);
--------------------------------------------------------
--  Constraints for Table TB_PRD_TIPOPRODUCCIONESXCAMPO
--------------------------------------------------------

  ALTER TABLE "PROINT1"."TB_PRD_TIPOPRODUCCIONESXCAMPO" ADD CONSTRAINT "TB_PDR_TIPOPRODUCXCAMPO_PK" PRIMARY KEY ("NB_IDN")
  USING INDEX PCTFREE 10 INITRANS 2 MAXTRANS 255 COMPUTE STATISTICS 
  STORAGE(INITIAL 65536 NEXT 1048576 MINEXTENTS 1 MAXEXTENTS 2147483645
  PCTINCREASE 0 FREELISTS 1 FREELIST GROUPS 1 BUFFER_POOL DEFAULT FLASH_CACHE DEFAULT CELL_FLASH_CACHE DEFAULT)
  TABLESPACE "APEX_4876023932912102"  ENABLE;
  ALTER TABLE "PROINT1"."TB_PRD_TIPOPRODUCCIONESXCAMPO" MODIFY ("DT_ADTFECHA" NOT NULL ENABLE);
  ALTER TABLE "PROINT1"."TB_PRD_TIPOPRODUCCIONESXCAMPO" MODIFY ("VR_ADTUSUARIO" NOT NULL ENABLE);
  ALTER TABLE "PROINT1"."TB_PRD_TIPOPRODUCCIONESXCAMPO" MODIFY ("BL_ESTADO" NOT NULL ENABLE);
  ALTER TABLE "PROINT1"."TB_PRD_TIPOPRODUCCIONESXCAMPO" MODIFY ("NB_CAMPO_IDN" NOT NULL ENABLE);
  ALTER TABLE "PROINT1"."TB_PRD_TIPOPRODUCCIONESXCAMPO" MODIFY ("NB_TIPOPRODUCCION_IDN" NOT NULL ENABLE);
  ALTER TABLE "PROINT1"."TB_PRD_TIPOPRODUCCIONESXCAMPO" MODIFY ("NB_IDN" NOT NULL ENABLE);
--------------------------------------------------------
--  Ref Constraints for Table APEX$_WS_FILES
--------------------------------------------------------

  ALTER TABLE "PROINT1"."APEX$_WS_FILES" ADD CONSTRAINT "APEX$_WS_FILES_FK" FOREIGN KEY ("ROW_ID")
	  REFERENCES "PROINT1"."APEX$_WS_ROWS" ("ID") ON DELETE CASCADE ENABLE;
--------------------------------------------------------
--  Ref Constraints for Table APEX$_WS_LINKS
--------------------------------------------------------

  ALTER TABLE "PROINT1"."APEX$_WS_LINKS" ADD CONSTRAINT "APEX$_WS_LINKS_FK" FOREIGN KEY ("ROW_ID")
	  REFERENCES "PROINT1"."APEX$_WS_ROWS" ("ID") ON DELETE CASCADE ENABLE;
--------------------------------------------------------
--  Ref Constraints for Table APEX$_WS_NOTES
--------------------------------------------------------

  ALTER TABLE "PROINT1"."APEX$_WS_NOTES" ADD CONSTRAINT "APEX$_WS_NOTES_FK" FOREIGN KEY ("ROW_ID")
	  REFERENCES "PROINT1"."APEX$_WS_ROWS" ("ID") ON DELETE CASCADE ENABLE;
--------------------------------------------------------
--  Ref Constraints for Table APEX$_WS_TAGS
--------------------------------------------------------

  ALTER TABLE "PROINT1"."APEX$_WS_TAGS" ADD CONSTRAINT "APEX$_WS_TAGS_FK" FOREIGN KEY ("ROW_ID")
	  REFERENCES "PROINT1"."APEX$_WS_ROWS" ("ID") ON DELETE CASCADE ENABLE;
--------------------------------------------------------
--  Ref Constraints for Table TB_ACT_DOCENTEXGRUPO
--------------------------------------------------------

  ALTER TABLE "PROINT1"."TB_ACT_DOCENTEXGRUPO" ADD CONSTRAINT "DOCENTEXGRUPO_DOCENTE_FK" FOREIGN KEY ("NB_DOC_IDN")
	  REFERENCES "PROINT1"."TB_ADM_DOCENTE" ("NB_DOC_IDN") ENABLE;
  ALTER TABLE "PROINT1"."TB_ACT_DOCENTEXGRUPO" ADD CONSTRAINT "DOCENTEXGRUPO_GRUPO_FK" FOREIGN KEY ("NB_GPO_IDN")
	  REFERENCES "PROINT1"."TB_ADM_GRUPO" ("NB_GPO_IDN") ENABLE;
--------------------------------------------------------
--  Ref Constraints for Table TB_ACT_REPORTEACTIVIDAD
--------------------------------------------------------

  ALTER TABLE "PROINT1"."TB_ACT_REPORTEACTIVIDAD" ADD CONSTRAINT "REPORTEACTIVIDAD_ACTIVIDAD_FK" FOREIGN KEY ("NB_TAC_IDN")
	  REFERENCES "PROINT1"."TB_ACT_TIPO_ACTIVIDAD" ("NB_TAC_IDN") ENABLE;
  ALTER TABLE "PROINT1"."TB_ACT_REPORTEACTIVIDAD" ADD CONSTRAINT "REPORTEACT_DOCENTEXGRUPO_FK" FOREIGN KEY ("NB_DOG_IDN")
	  REFERENCES "PROINT1"."TB_ACT_DOCENTEXGRUPO" ("NB_DOG_IDN") ENABLE;
--------------------------------------------------------
--  Ref Constraints for Table TB_ADM_CURSO
--------------------------------------------------------

  ALTER TABLE "PROINT1"."TB_ADM_CURSO" ADD CONSTRAINT "CURSO_TB_GEN_DEPEN_ACAD_FK" FOREIGN KEY ("BN_DEP_IDN")
	  REFERENCES "PROINT1"."TB_ADM_DEPENDENCIA_ACADEMICA" ("NB_DEP_IDN") ENABLE;
--------------------------------------------------------
--  Ref Constraints for Table TB_ADM_DEPENDENCIA_ACADEMICA
--------------------------------------------------------

  ALTER TABLE "PROINT1"."TB_ADM_DEPENDENCIA_ACADEMICA" ADD CONSTRAINT "TB_GEN_DE_AC_TB_GEN_DE_AC_FK" FOREIGN KEY ("NB_DEPPADRE_IDN")
	  REFERENCES "PROINT1"."TB_ADM_DEPENDENCIA_ACADEMICA" ("NB_DEP_IDN") ENABLE;
  ALTER TABLE "PROINT1"."TB_ADM_DEPENDENCIA_ACADEMICA" ADD CONSTRAINT "TB_GEN_DE_AC_TB_GEN_UNI_AC_FK" FOREIGN KEY ("NB_UNI_IDN")
	  REFERENCES "PROINT1"."TB_ADM_UNIDAD_ACADEMICA" ("NB_UNI_IDN") ENABLE;
  ALTER TABLE "PROINT1"."TB_ADM_DEPENDENCIA_ACADEMICA" ADD CONSTRAINT "TB_GE_DE_AC_TB_GE_TIP_DE_FK" FOREIGN KEY ("VR_TDP_CODIGO")
	  REFERENCES "PROINT1"."TB_ADM_TIPO_DEPENDENCIA" ("VR_TDP_CODIGO") ENABLE;
--------------------------------------------------------
--  Ref Constraints for Table TB_ADM_DOCENTE
--------------------------------------------------------

  ALTER TABLE "PROINT1"."TB_ADM_DOCENTE" ADD CONSTRAINT "DOCENTE_PERSONA_FK" FOREIGN KEY ("NB_PER_IDN")
	  REFERENCES "PROINT1"."TB_ADM_PERSONA" ("NB_IDN") ENABLE;
--------------------------------------------------------
--  Ref Constraints for Table TB_ADM_DOCENTESXDEPENDENCIA
--------------------------------------------------------

  ALTER TABLE "PROINT1"."TB_ADM_DOCENTESXDEPENDENCIA" ADD CONSTRAINT "TB_AD_DCTXDEP_TB_AD_DCT_FK" FOREIGN KEY ("NB_DOC_IDN")
	  REFERENCES "PROINT1"."TB_ADM_DOCENTE" ("NB_DOC_IDN") ENABLE;
  ALTER TABLE "PROINT1"."TB_ADM_DOCENTESXDEPENDENCIA" ADD CONSTRAINT "TB_AD_DCTXDEP_TB_AD_DEP_AC_FK" FOREIGN KEY ("NB_DEP_IDN")
	  REFERENCES "PROINT1"."TB_ADM_DEPENDENCIA_ACADEMICA" ("NB_DEP_IDN") ENABLE;
--------------------------------------------------------
--  Ref Constraints for Table TB_ADM_ESTUDIANTE
--------------------------------------------------------

  ALTER TABLE "PROINT1"."TB_ADM_ESTUDIANTE" ADD CONSTRAINT "ESTUDIANTE_PERSONA_FK" FOREIGN KEY ("NB_PER_IDN")
	  REFERENCES "PROINT1"."TB_ADM_PERSONA" ("NB_IDN") ENABLE;
--------------------------------------------------------
--  Ref Constraints for Table TB_ADM_MATRICULA
--------------------------------------------------------

  ALTER TABLE "PROINT1"."TB_ADM_MATRICULA" ADD CONSTRAINT "MATRICULA_ESTUDIANTE_FK" FOREIGN KEY ("NB_EST_IDN")
	  REFERENCES "PROINT1"."TB_ADM_ESTUDIANTE" ("NB_EST_IDN") ENABLE;
  ALTER TABLE "PROINT1"."TB_ADM_MATRICULA" ADD CONSTRAINT "MATRICULA_GRUPO_FK" FOREIGN KEY ("NB_GRU_IDN")
	  REFERENCES "PROINT1"."TB_ADM_GRUPO" ("NB_GPO_IDN") ENABLE;
  ALTER TABLE "PROINT1"."TB_ADM_MATRICULA" ADD CONSTRAINT "MATRICULA_TB_GEN_DEPEN_ACAD_FK" FOREIGN KEY ("NB_DEP_IDN")
	  REFERENCES "PROINT1"."TB_ADM_DEPENDENCIA_ACADEMICA" ("NB_DEP_IDN") ENABLE;
  ALTER TABLE "PROINT1"."TB_ADM_MATRICULA" ADD CONSTRAINT "TB_GB_MATRICUL_TB_GEN_SEMES_FK" FOREIGN KEY ("NB_SEM_IDN")
	  REFERENCES "PROINT1"."TB_ADM_SEMESTRE" ("NB_SEM_IDN") ENABLE;
--------------------------------------------------------
--  Ref Constraints for Table TB_ADM_PERMISOSXROL
--------------------------------------------------------

  ALTER TABLE "PROINT1"."TB_ADM_PERMISOSXROL" ADD CONSTRAINT "PERMISOS_FUNCIONALIDAD_FK" FOREIGN KEY ("NB_REC_IDN")
	  REFERENCES "PROINT1"."TB_ADM_RECURSO" ("NB_REC_IDN") ENABLE;
  ALTER TABLE "PROINT1"."TB_ADM_PERMISOSXROL" ADD CONSTRAINT "PERMISOS_ROL_FK" FOREIGN KEY ("NB_ROL_IDN")
	  REFERENCES "PROINT1"."TB_ADM_ROL" ("NB_ROL_IDN") ENABLE;
--------------------------------------------------------
--  Ref Constraints for Table TB_ADM_PERSONA
--------------------------------------------------------

  ALTER TABLE "PROINT1"."TB_ADM_PERSONA" ADD CONSTRAINT "TB_ADM_PERS_TB_ADM_TIPOID_FK" FOREIGN KEY ("NB_TIPOIDENTIFICACION_IDN")
	  REFERENCES "PROINT1"."TB_ADM_TIPOIDENTIFICACION" ("NB_IDN") ENABLE;
--------------------------------------------------------
--  Ref Constraints for Table TB_ADM_PROPIEDADES
--------------------------------------------------------

  ALTER TABLE "PROINT1"."TB_ADM_PROPIEDADES" ADD CONSTRAINT "TB_ADM_PROP_TB_ADM_DEP_ACAD_FK" FOREIGN KEY ("NB_DEP_IDN")
	  REFERENCES "PROINT1"."TB_ADM_DEPENDENCIA_ACADEMICA" ("NB_DEP_IDN") ENABLE;
--------------------------------------------------------
--  Ref Constraints for Table TB_ADM_RECURSO
--------------------------------------------------------

  ALTER TABLE "PROINT1"."TB_ADM_RECURSO" ADD CONSTRAINT "TB_ADM_REC_TB_ADM_REC_FK" FOREIGN KEY ("NB_REC_RECPADRE")
	  REFERENCES "PROINT1"."TB_ADM_RECURSO" ("NB_REC_IDN") ENABLE;
--------------------------------------------------------
--  Ref Constraints for Table TB_ADM_SEMESTRE
--------------------------------------------------------

  ALTER TABLE "PROINT1"."TB_ADM_SEMESTRE" ADD CONSTRAINT "SEM_GEN_TB_ESTADO_SEM_FK" FOREIGN KEY ("VR_ESM_CODIGO")
	  REFERENCES "PROINT1"."TB_ADM_ESTADO_SEMESTRE" ("VR_ESM_CODIGO") ENABLE;
  ALTER TABLE "PROINT1"."TB_ADM_SEMESTRE" ADD CONSTRAINT "TB_AD_SEM_TB_AD_DEP_ACA_FK" FOREIGN KEY ("NB_DEP_IDN")
	  REFERENCES "PROINT1"."TB_ADM_DEPENDENCIA_ACADEMICA" ("NB_DEP_IDN") ENABLE;
--------------------------------------------------------
--  Ref Constraints for Table TB_ADM_SEMESTREXCURSO
--------------------------------------------------------

  ALTER TABLE "PROINT1"."TB_ADM_SEMESTREXCURSO" ADD CONSTRAINT "SEMESTREXCURSO_CURSO_FK" FOREIGN KEY ("NB_CUR_IDN")
	  REFERENCES "PROINT1"."TB_ADM_CURSO" ("NB_CUR_IDN") ENABLE;
  ALTER TABLE "PROINT1"."TB_ADM_SEMESTREXCURSO" ADD CONSTRAINT "SEMESTREXCURSO_GRUPO_FK" FOREIGN KEY ("NB_GRU_IDN")
	  REFERENCES "PROINT1"."TB_ADM_GRUPO" ("NB_GPO_IDN") ENABLE;
  ALTER TABLE "PROINT1"."TB_ADM_SEMESTREXCURSO" ADD CONSTRAINT "SEMESTREXCURSO_SEMESTRE_FK" FOREIGN KEY ("NB_SEM_IDN")
	  REFERENCES "PROINT1"."TB_ADM_SEMESTRE" ("NB_SEM_IDN") ENABLE;
  ALTER TABLE "PROINT1"."TB_ADM_SEMESTREXCURSO" ADD CONSTRAINT "TB_AD_SEXCU_TB_AD_MOD_CUR_FK" FOREIGN KEY ("NB_MCU_IDN")
	  REFERENCES "PROINT1"."TB_ADM_MODALIDAD_CURSO" ("BN_MCU_IDN") ENABLE;
--------------------------------------------------------
--  Ref Constraints for Table TB_ADM_TAREAS_PROGRAMADAS
--------------------------------------------------------

  ALTER TABLE "PROINT1"."TB_ADM_TAREAS_PROGRAMADAS" ADD CONSTRAINT "TB_ACT_ALER_TB_ADM_DEP_ACAD_FK" FOREIGN KEY ("NB_DEP_IDN")
	  REFERENCES "PROINT1"."TB_ADM_DEPENDENCIA_ACADEMICA" ("NB_DEP_IDN") ENABLE;
--------------------------------------------------------
--  Ref Constraints for Table TB_ADM_UNIVERSIDADES
--------------------------------------------------------

  ALTER TABLE "PROINT1"."TB_ADM_UNIVERSIDADES" ADD CONSTRAINT "TB_ADM_UNIV_TB_ADM_PAIS_FK" FOREIGN KEY ("NB_PAIS_IDN")
	  REFERENCES "PROINT1"."TB_ADM_PAISES" ("NB_IDN") ENABLE;
--------------------------------------------------------
--  Ref Constraints for Table TB_ADM_USUARIO
--------------------------------------------------------

  ALTER TABLE "PROINT1"."TB_ADM_USUARIO" ADD CONSTRAINT "USUARIO_PERSONA_FK" FOREIGN KEY ("NB_PER_IDN")
	  REFERENCES "PROINT1"."TB_ADM_PERSONA" ("NB_IDN") ENABLE;
--------------------------------------------------------
--  Ref Constraints for Table TB_ADM_USUARIOXROL
--------------------------------------------------------

  ALTER TABLE "PROINT1"."TB_ADM_USUARIOXROL" ADD CONSTRAINT "TB_ADM_USUARIOXROL_ROL_FK" FOREIGN KEY ("NB_ROL_IDN")
	  REFERENCES "PROINT1"."TB_ADM_ROL" ("NB_ROL_IDN") ENABLE;
  ALTER TABLE "PROINT1"."TB_ADM_USUARIOXROL" ADD CONSTRAINT "TB_AD_USUXROL_TB_AD_USU_FK" FOREIGN KEY ("NB_USU_IDN")
	  REFERENCES "PROINT1"."TB_ADM_USUARIO" ("NB_USU_IDN") ENABLE;
--------------------------------------------------------
--  Ref Constraints for Table TB_MIC_CURSOSXPENSUM
--------------------------------------------------------

  ALTER TABLE "PROINT1"."TB_MIC_CURSOSXPENSUM" ADD CONSTRAINT "CURSOSXPENSUM_CURSO_FK" FOREIGN KEY ("NB_CUR_IDN")
	  REFERENCES "PROINT1"."TB_ADM_CURSO" ("NB_CUR_IDN") ENABLE;
  ALTER TABLE "PROINT1"."TB_MIC_CURSOSXPENSUM" ADD CONSTRAINT "CURSOSXPENSUM_VERSIONPENSUM_FK" FOREIGN KEY ("NB_VPE_IDN")
	  REFERENCES "PROINT1"."TB_MIC_VERSIONPENSUM" ("NB_VPE_IDN") ENABLE;
--------------------------------------------------------
--  Ref Constraints for Table TB_MIC_MICROCURRICULO
--------------------------------------------------------

  ALTER TABLE "PROINT1"."TB_MIC_MICROCURRICULO" ADD CONSTRAINT "MICROCURRICULO_ACTA_FK" FOREIGN KEY ("NB_ACT_IDN")
	  REFERENCES "PROINT1"."TB_MIC_ACTA" ("NB_ACT_IDN") ENABLE;
  ALTER TABLE "PROINT1"."TB_MIC_MICROCURRICULO" ADD CONSTRAINT "MICRO_NUCLEOACADEMICO_FK" FOREIGN KEY ("NB_NAC_IDN")
	  REFERENCES "PROINT1"."TB_MIC_NUCLEOACADEMICO" ("NB_NAC_IDN") ENABLE;
  ALTER TABLE "PROINT1"."TB_MIC_MICROCURRICULO" ADD CONSTRAINT "MICRO_SEMESTREXCURSO_FK" FOREIGN KEY ("NB_SCU_IDN")
	  REFERENCES "PROINT1"."TB_ADM_SEMESTREXCURSO" ("NB_SCU_IDN") ENABLE;
  ALTER TABLE "PROINT1"."TB_MIC_MICROCURRICULO" ADD CONSTRAINT "TB_MIC_MICRO_TB_MIC_EST_FK" FOREIGN KEY ("NB_MIC_IDN")
	  REFERENCES "PROINT1"."TB_MIC_ESTADOMIC" ("NB_EST_IDN") ENABLE;
  ALTER TABLE "PROINT1"."TB_MIC_MICROCURRICULO" ADD CONSTRAINT "TB_MIC_MICRO_TB_MIC_EVAL_FK" FOREIGN KEY ("NB_MIC_UNIDAD")
	  REFERENCES "PROINT1"."TB_MIC_EVALUACION" ("NB_EV_IDN") ENABLE;
  ALTER TABLE "PROINT1"."TB_MIC_MICROCURRICULO" ADD CONSTRAINT "TB_MIC_MICRO_TB_MIC_UNID_FK" FOREIGN KEY ("NB_MIC_UNIDAD")
	  REFERENCES "PROINT1"."TB_MIC_UNIDADES" ("NB_UNI_IDN") ENABLE;
--------------------------------------------------------
--  Ref Constraints for Table TB_PRD_AUTOR
--------------------------------------------------------

  ALTER TABLE "PROINT1"."TB_PRD_AUTOR" ADD CONSTRAINT "FK_AUTOR_PAISES_IDN" FOREIGN KEY ("VR_PAIS_IDN")
	  REFERENCES "PROINT1"."TB_ADM_PAISES" ("NB_IDN") ENABLE;
  ALTER TABLE "PROINT1"."TB_PRD_AUTOR" ADD CONSTRAINT "FK_AUTOR_PERSONA_IDN" FOREIGN KEY ("NB_PER_IDN")
	  REFERENCES "PROINT1"."TB_ADM_PERSONA" ("NB_IDN") ENABLE;
--------------------------------------------------------
--  Ref Constraints for Table TB_PRD_AUTORESXPRODUCCION
--------------------------------------------------------

  ALTER TABLE "PROINT1"."TB_PRD_AUTORESXPRODUCCION" ADD CONSTRAINT "FK_AUTORXPROD_AUTOR_IDN" FOREIGN KEY ("NB_AUT_IDN")
	  REFERENCES "PROINT1"."TB_PRD_AUTOR" ("NB_AUT_IDN") ENABLE;
  ALTER TABLE "PROINT1"."TB_PRD_AUTORESXPRODUCCION" ADD CONSTRAINT "FK_AUTORXPROD_GRUPINV_IDN" FOREIGN KEY ("NB_GRU_IDN")
	  REFERENCES "PROINT1"."TB_PRD_GRUPOINVESTIGACION" ("NB_IDN") ENABLE;
  ALTER TABLE "PROINT1"."TB_PRD_AUTORESXPRODUCCION" ADD CONSTRAINT "FK_AUTORXPROD_PRODUC_IDN" FOREIGN KEY ("NB_PRO_IDN")
	  REFERENCES "PROINT1"."TB_PRD_PRODUCCION" ("NB_IDN") ENABLE;
--------------------------------------------------------
--  Ref Constraints for Table TB_PRD_DETALLEPRODUCCIONES
--------------------------------------------------------

  ALTER TABLE "PROINT1"."TB_PRD_DETALLEPRODUCCIONES" ADD CONSTRAINT "FK_DETPRD_PRD_IDN" FOREIGN KEY ("NB_PRODUCCION_IDN")
	  REFERENCES "PROINT1"."TB_PRD_PRODUCCION" ("NB_IDN") ENABLE;
  ALTER TABLE "PROINT1"."TB_PRD_DETALLEPRODUCCIONES" ADD CONSTRAINT "FK_DETPRD_PRD_IDNV2" FOREIGN KEY ("NB_TIPOPRODUCCIONCAMPOS_IDN")
	  REFERENCES "PROINT1"."TB_PRD_TIPOPRODUCCIONESXCAMPO" ("NB_IDN") ENABLE;
--------------------------------------------------------
--  Ref Constraints for Table TB_PRD_GRUPOINVESTIGACION
--------------------------------------------------------

  ALTER TABLE "PROINT1"."TB_PRD_GRUPOINVESTIGACION" ADD CONSTRAINT "FK_GRUINVE_PERSONA_NB_IDN_AUX" FOREIGN KEY ("NB_AUXILIAR")
	  REFERENCES "PROINT1"."TB_ADM_PERSONA" ("NB_IDN") ENABLE;
  ALTER TABLE "PROINT1"."TB_PRD_GRUPOINVESTIGACION" ADD CONSTRAINT "FK_GRUINVE_PERSONA_NB_IDN_DIR" FOREIGN KEY ("NB_DIRECTOR")
	  REFERENCES "PROINT1"."TB_ADM_PERSONA" ("NB_IDN") ENABLE;
--------------------------------------------------------
--  Ref Constraints for Table TB_PRD_MIEMBROSXGRUPO
--------------------------------------------------------

  ALTER TABLE "PROINT1"."TB_PRD_MIEMBROSXGRUPO" ADD CONSTRAINT "FK_MIEMBRO_AUTOR_IDN" FOREIGN KEY ("NB_AUT_IDN")
	  REFERENCES "PROINT1"."TB_PRD_AUTOR" ("NB_AUT_IDN") ENABLE;
  ALTER TABLE "PROINT1"."TB_PRD_MIEMBROSXGRUPO" ADD CONSTRAINT "FK_MIEMBRO_GRUPOINV_IDN" FOREIGN KEY ("NB_GPI_IDN")
	  REFERENCES "PROINT1"."TB_PRD_GRUPOINVESTIGACION" ("NB_IDN") ENABLE;
--------------------------------------------------------
--  Ref Constraints for Table TB_PRD_PRODUCCION
--------------------------------------------------------

  ALTER TABLE "PROINT1"."TB_PRD_PRODUCCION" ADD CONSTRAINT "FK_PRODUCCION_TIPOPROD_IDN" FOREIGN KEY ("NB_TPR_IDN")
	  REFERENCES "PROINT1"."TB_PRD_TIPOPRODUCCION" ("NB_IDN") ENABLE;
--------------------------------------------------------
--  Ref Constraints for Table TB_PRD_TIPOPRODUCCIONESXCAMPO
--------------------------------------------------------

  ALTER TABLE "PROINT1"."TB_PRD_TIPOPRODUCCIONESXCAMPO" ADD CONSTRAINT "FK_PRDXCAM_CAMP_IDN" FOREIGN KEY ("NB_CAMPO_IDN")
	  REFERENCES "PROINT1"."TB_PRD_CAMPOS" ("NB_IDN") ENABLE;
  ALTER TABLE "PROINT1"."TB_PRD_TIPOPRODUCCIONESXCAMPO" ADD CONSTRAINT "FK_PRDXCAM_PRO_IDN" FOREIGN KEY ("NB_TIPOPRODUCCION_IDN")
	  REFERENCES "PROINT1"."TB_PRD_TIPOPRODUCCION" ("NB_IDN") ENABLE;
--------------------------------------------------------
--  DDL for Trigger APEX$_ACL_T1
--------------------------------------------------------

  CREATE OR REPLACE TRIGGER "PROINT1"."APEX$_ACL_T1" 
before insert or update on "APEX$_ACL"
for each row
begin
    --
    -- maintain pk and timestamps
    --
    :new.username := upper(:new.username);
    if inserting and :new.id is null then
        select to_number(sys_guid(),'XXXXXXXXXXXXXXXXXXXXXXXXXXXXXXXX') into :new.id from dual;
    end if;
    if inserting then
        :new.created_on := sysdate;
        :new.created_by := nvl(v('APP_USER'),user);
        :new.updated_on := sysdate;
        :new.updated_by := nvl(v('APP_USER'),user);
    elsif updating then
        :new.updated_on := sysdate;
        :new.updated_by := nvl(v('APP_USER'),user);
    end if;
end;
/
ALTER TRIGGER "PROINT1"."APEX$_ACL_T1" ENABLE;
--------------------------------------------------------
--  DDL for Trigger APEX$_WS_FILES_T1
--------------------------------------------------------

  CREATE OR REPLACE TRIGGER "PROINT1"."APEX$_WS_FILES_T1" 
before insert or update on "APEX$_WS_FILES"
for each row
begin
    --
    -- maintain pk and timestamps
    --
    if inserting and :new.id is null then
        select to_number(sys_guid(),'XXXXXXXXXXXXXXXXXXXXXXXXXXXXXXXX') into :new.id from dual;
    end if;
    if inserting and :new.image_alias is null then
        :new.image_alias := :new.name;
    end if;
    if inserting then
        :new.created_on := sysdate;
        :new.created_by := nvl(v('APP_USER'),user);
        :new.updated_on := sysdate;
        :new.updated_by := nvl(v('APP_USER'),user);
        :new.content_last_update := sysdate;
    elsif updating then
        :new.updated_on := sysdate;
        :new.updated_by := nvl(v('APP_USER'),user);
        if nvl(length(:new.content),0) <> nvl(length(:old.content),0) then
            :new.content_last_update := sysdate;
        end if;
    end if;
end;
/
ALTER TRIGGER "PROINT1"."APEX$_WS_FILES_T1" ENABLE;
--------------------------------------------------------
--  DDL for Trigger APEX$_WS_LINKS_T1
--------------------------------------------------------

  CREATE OR REPLACE TRIGGER "PROINT1"."APEX$_WS_LINKS_T1" 
before insert or update on "APEX$_WS_LINKS"
for each row
begin
    --
    -- maintain pk and timestamps
    --
    if inserting and :new.id is null then
        select to_number(sys_guid(),'XXXXXXXXXXXXXXXXXXXXXXXXXXXXXXXX') into :new.id from dual;
    end if;
    if inserting then
        :new.created_on := sysdate;
        :new.created_by := nvl(v('APP_USER'),user);
        :new.updated_on := sysdate;
        :new.updated_by := nvl(v('APP_USER'),user);
    elsif updating then
        :new.updated_on := sysdate;
        :new.updated_by := nvl(v('APP_USER'),user);
    end if;
end;
/
ALTER TRIGGER "PROINT1"."APEX$_WS_LINKS_T1" ENABLE;
--------------------------------------------------------
--  DDL for Trigger APEX$_WS_NOTES_T1
--------------------------------------------------------

  CREATE OR REPLACE TRIGGER "PROINT1"."APEX$_WS_NOTES_T1" 
before insert or update on "APEX$_WS_NOTES"
for each row
begin
    --
    -- maintain pk and timestamps
    --
    if inserting and :new.id is null then
        select to_number(sys_guid(),'XXXXXXXXXXXXXXXXXXXXXXXXXXXXXXXX') into :new.id from dual;
    end if;
    if inserting then
        :new.created_on := sysdate;
        :new.created_by := nvl(v('APP_USER'),user);
        :new.updated_on := sysdate;
        :new.updated_by := nvl(v('APP_USER'),user);
    elsif updating then
        :new.updated_on := sysdate;
        :new.updated_by := nvl(v('APP_USER'),user);
    end if;
end;
/
ALTER TRIGGER "PROINT1"."APEX$_WS_NOTES_T1" ENABLE;
--------------------------------------------------------
--  DDL for Trigger APEX$_WS_ROWS_T1
--------------------------------------------------------

  CREATE OR REPLACE TRIGGER "PROINT1"."APEX$_WS_ROWS_T1" 
before insert or update on "APEX$_WS_ROWS"
for each row
declare
    l_tag_list apex_application_global.vc_arr2;
    type col_arr is table of varchar2(32767) index by varchar2(255);
    la_col_label col_arr;
    procedure datagrid_logging( 
        p_row_id       in number,
        p_ws_app_id    in number,
        p_data_grid_id in number,
        p_col_name     in varchar2,
        p_type         in varchar2,
        p_old_c        in varchar2 default null,
        p_new_c        in varchar2 default null,
        p_old_d        in date default null,
        p_new_d        in date default null,
        p_old_n        in number default null,
        p_new_n        in number default null)
    is
    begin
        case p_type
        when 'C' then
          if (p_old_c is null and p_new_c is not null) or (p_old_c is not null and p_new_c is null) or (p_old_c != p_new_c) then
              insert into apex$_ws_history (row_id, ws_app_id, data_grid_id, column_name, old_value, new_value, change_date, application_user_id)
              values (p_row_id, p_ws_app_id, p_data_grid_id, p_col_name, p_old_c, p_new_c, sysdate, v('APP_USER'));
          end if;
        when 'D' then
          if (p_old_d is null and p_new_d is not null) or (p_old_d is not null and p_new_d is null) or (p_old_d != p_new_d) then
              insert into apex$_ws_history (row_id, ws_app_id, data_grid_id, column_name, old_value,  new_value, change_date, application_user_id)
              values (p_row_id, p_ws_app_id, p_data_grid_id, p_col_name, p_old_d, p_new_d, sysdate, v('APP_USER'));
        	  end if;
        when 'N' then
          if (p_old_n is null and p_new_n is not null) or (p_old_n is not null and p_new_n is null) or (p_old_n != p_new_n) then
              insert into apex$_ws_history (row_id, ws_app_id, data_grid_id, column_name, old_value,  new_value, change_date, application_user_id)
              values (p_row_id, p_ws_app_id, p_data_grid_id, p_col_name, p_old_n, p_new_n, sysdate, v('APP_USER'));
          end if;
        end case;
    end datagrid_logging;
    procedure wa( p_c in out nocopy clob, p_buf in varchar2 )
    is
    l_lf varchar2(2) := unistr('\000a');
    begin
    if p_buf is not null then dbms_lob.writeappend( p_c, length(p_buf||l_lf), upper(p_buf)||l_lf); end if;
    end wa;
begin
    --
    -- maintain pk and timestamps
    --
    if inserting and :new.id is null then
        select to_number(sys_guid(),'XXXXXXXXXXXXXXXXXXXXXXXXXXXXXXXX') into :new.id from dual;
    end if;
    if inserting then
        :new.created_on := sysdate;
        :new.created_by := nvl(v('APP_USER'),user);
        :new.updated_on := sysdate;
        :new.updated_by := nvl(v('APP_USER'),user);
        select to_number(sys_guid(),'XXXXXXXXXXXXXXXXXXXXXXXXXXXXXXXX') into :new.load_order from dual;
        :new.change_count := 0;
    elsif updating then
        :new.updated_on := sysdate;
        :new.updated_by := nvl(v('APP_USER'),user);
        :new.change_count := :old.change_count + 1;
    end if;
    --
    -- inserting remove chr 13
    --
    if instr(:new.c001,chr(13)) > 0 then :new.c001 := replace(:new.c001,chr(13),null); end if;
    if instr(:new.c002,chr(13)) > 0 then :new.c002 := replace(:new.c002,chr(13),null); end if;
    if instr(:new.c003,chr(13)) > 0 then :new.c003 := replace(:new.c003,chr(13),null); end if;
    if instr(:new.c004,chr(13)) > 0 then :new.c004 := replace(:new.c004,chr(13),null); end if;
    if instr(:new.c005,chr(13)) > 0 then :new.c005 := replace(:new.c005,chr(13),null); end if;
    if instr(:new.c006,chr(13)) > 0 then :new.c006 := replace(:new.c006,chr(13),null); end if;
    if instr(:new.c007,chr(13)) > 0 then :new.c007 := replace(:new.c007,chr(13),null); end if;
    if instr(:new.c008,chr(13)) > 0 then :new.c008 := replace(:new.c008,chr(13),null); end if;
    if instr(:new.c009,chr(13)) > 0 then :new.c009 := replace(:new.c009,chr(13),null); end if;
    if instr(:new.c010,chr(13)) > 0 then :new.c010 := replace(:new.c010,chr(13),null); end if;
    if instr(:new.c011,chr(13)) > 0 then :new.c011 := replace(:new.c011,chr(13),null); end if;
    if instr(:new.c012,chr(13)) > 0 then :new.c012 := replace(:new.c012,chr(13),null); end if;
    if instr(:new.c013,chr(13)) > 0 then :new.c013 := replace(:new.c013,chr(13),null); end if;
    if instr(:new.c014,chr(13)) > 0 then :new.c014 := replace(:new.c014,chr(13),null); end if;
    if instr(:new.c015,chr(13)) > 0 then :new.c015 := replace(:new.c015,chr(13),null); end if;
    if instr(:new.c016,chr(13)) > 0 then :new.c016 := replace(:new.c016,chr(13),null); end if;
    if instr(:new.c017,chr(13)) > 0 then :new.c017 := replace(:new.c017,chr(13),null); end if;
    if instr(:new.c018,chr(13)) > 0 then :new.c018 := replace(:new.c018,chr(13),null); end if;
    if instr(:new.c019,chr(13)) > 0 then :new.c019 := replace(:new.c019,chr(13),null); end if;
    if instr(:new.c020,chr(13)) > 0 then :new.c020 := replace(:new.c010,chr(23),null); end if;
    if instr(:new.c021,chr(13)) > 0 then :new.c021 := replace(:new.c001,chr(23),null); end if;
    if instr(:new.c022,chr(13)) > 0 then :new.c022 := replace(:new.c002,chr(23),null); end if;
    if instr(:new.c023,chr(13)) > 0 then :new.c023 := replace(:new.c003,chr(23),null); end if;
    if instr(:new.c024,chr(13)) > 0 then :new.c024 := replace(:new.c004,chr(23),null); end if;
    if instr(:new.c025,chr(13)) > 0 then :new.c025 := replace(:new.c005,chr(23),null); end if;
    if instr(:new.c026,chr(13)) > 0 then :new.c026 := replace(:new.c006,chr(23),null); end if;
    if instr(:new.c027,chr(13)) > 0 then :new.c027 := replace(:new.c007,chr(23),null); end if;
    if instr(:new.c028,chr(13)) > 0 then :new.c028 := replace(:new.c008,chr(23),null); end if;
    if instr(:new.c029,chr(13)) > 0 then :new.c029 := replace(:new.c009,chr(23),null); end if;
    if instr(:new.c030,chr(13)) > 0 then :new.c030 := replace(:new.c030,chr(13),null); end if;
    if instr(:new.c031,chr(13)) > 0 then :new.c031 := replace(:new.c031,chr(13),null); end if;
    if instr(:new.c032,chr(13)) > 0 then :new.c032 := replace(:new.c032,chr(13),null); end if;
    if instr(:new.c033,chr(13)) > 0 then :new.c033 := replace(:new.c033,chr(13),null); end if;
    if instr(:new.c034,chr(13)) > 0 then :new.c034 := replace(:new.c034,chr(13),null); end if;
    if instr(:new.c035,chr(13)) > 0 then :new.c035 := replace(:new.c035,chr(13),null); end if;
    if instr(:new.c036,chr(13)) > 0 then :new.c036 := replace(:new.c036,chr(13),null); end if;
    if instr(:new.c037,chr(13)) > 0 then :new.c037 := replace(:new.c037,chr(13),null); end if;
    if instr(:new.c038,chr(13)) > 0 then :new.c038 := replace(:new.c038,chr(13),null); end if;
    if instr(:new.c039,chr(13)) > 0 then :new.c039 := replace(:new.c039,chr(13),null); end if;
    if instr(:new.c040,chr(13)) > 0 then :new.c040 := replace(:new.c040,chr(13),null); end if;
    if instr(:new.c041,chr(13)) > 0 then :new.c041 := replace(:new.c041,chr(13),null); end if;
    if instr(:new.c042,chr(13)) > 0 then :new.c042 := replace(:new.c042,chr(13),null); end if;
    if instr(:new.c043,chr(13)) > 0 then :new.c043 := replace(:new.c043,chr(13),null); end if;
    if instr(:new.c044,chr(13)) > 0 then :new.c044 := replace(:new.c044,chr(13),null); end if;
    if instr(:new.c045,chr(13)) > 0 then :new.c045 := replace(:new.c045,chr(13),null); end if;
    if instr(:new.c046,chr(13)) > 0 then :new.c046 := replace(:new.c046,chr(13),null); end if;
    if instr(:new.c047,chr(13)) > 0 then :new.c047 := replace(:new.c047,chr(13),null); end if;
    if instr(:new.c048,chr(13)) > 0 then :new.c048 := replace(:new.c048,chr(13),null); end if;
    if instr(:new.c049,chr(13)) > 0 then :new.c049 := replace(:new.c049,chr(13),null); end if;
    if instr(:new.c050,chr(13)) > 0 then :new.c050 := replace(:new.c050,chr(13),null); end if;
    if :new.search_clob is null then
        dbms_lob.createtemporary( :new.search_clob, false, dbms_lob.session );
    else
        dbms_lob.trim( :new.search_clob, 0 );
    end if;
    wa(:new.search_clob,:new.c001);wa(:new.search_clob,:new.c002);wa(:new.search_clob,:new.c003);
    wa(:new.search_clob,:new.c004);wa(:new.search_clob,:new.c005);wa(:new.search_clob,:new.c006);
    wa(:new.search_clob,:new.c007);wa(:new.search_clob,:new.c008);wa(:new.search_clob,:new.c009);
    wa(:new.search_clob,:new.c010);wa(:new.search_clob,:new.c011);wa(:new.search_clob,:new.c012);
    wa(:new.search_clob,:new.c013);wa(:new.search_clob,:new.c014);wa(:new.search_clob,:new.c015);
    wa(:new.search_clob,:new.c016);wa(:new.search_clob,:new.c017);wa(:new.search_clob,:new.c018);
    wa(:new.search_clob,:new.c019);wa(:new.search_clob,:new.c020);wa(:new.search_clob,:new.c021);
    wa(:new.search_clob,:new.c022);wa(:new.search_clob,:new.c023);wa(:new.search_clob,:new.c024);
    wa(:new.search_clob,:new.c025);wa(:new.search_clob,:new.c026);wa(:new.search_clob,:new.c027);
    wa(:new.search_clob,:new.c028);wa(:new.search_clob,:new.c029);wa(:new.search_clob,:new.c030);
    wa(:new.search_clob,:new.c031);wa(:new.search_clob,:new.c032);wa(:new.search_clob,:new.c033);
    wa(:new.search_clob,:new.c034);wa(:new.search_clob,:new.c035);wa(:new.search_clob,:new.c036);
    wa(:new.search_clob,:new.c037);wa(:new.search_clob,:new.c038);wa(:new.search_clob,:new.c039);
    wa(:new.search_clob,:new.c040);wa(:new.search_clob,:new.c041);wa(:new.search_clob,:new.c042);
    wa(:new.search_clob,:new.c043);wa(:new.search_clob,:new.c044);wa(:new.search_clob,:new.c045);
    wa(:new.search_clob,:new.c046);wa(:new.search_clob,:new.c047);wa(:new.search_clob,:new.c048);
    wa(:new.search_clob,:new.c049);wa(:new.search_clob,:new.c050);
    --
    -- history
    --
    if updating then
       -- initialize column label array
       for i in 1..50
       loop
           la_col_label('C'||to_char(i,'FM009')) := null;
           la_col_label('N'||to_char(i,'FM009')) := null;
           la_col_label('D'||to_char(i,'FM009')) := null;
       end loop;
       -- get column label array
       for c1 in (select column_alias, report_label 
                  from apex_ws_data_grid_col
                  where data_grid_id = :new.data_grid_id)
       loop
           la_col_label(c1.column_alias) := c1.report_label;
       end loop;
       -- strings
       datagrid_logging(:new.id,:new.ws_app_id,:new.data_grid_id,la_col_label('C001'),'C',:old.c001,:new.c001);
       datagrid_logging(:new.id,:new.ws_app_id,:new.data_grid_id,la_col_label('C002'),'C',:old.c002,:new.c002);
       datagrid_logging(:new.id,:new.ws_app_id,:new.data_grid_id,la_col_label('C003'),'C',:old.c003,:new.c003);
       datagrid_logging(:new.id,:new.ws_app_id,:new.data_grid_id,la_col_label('C004'),'C',:old.c004,:new.c004);
       datagrid_logging(:new.id,:new.ws_app_id,:new.data_grid_id,la_col_label('C005'),'C',:old.c005,:new.c005);
       datagrid_logging(:new.id,:new.ws_app_id,:new.data_grid_id,la_col_label('C006'),'C',:old.c006,:new.c006);
       datagrid_logging(:new.id,:new.ws_app_id,:new.data_grid_id,la_col_label('C007'),'C',:old.c007,:new.c007);
       datagrid_logging(:new.id,:new.ws_app_id,:new.data_grid_id,la_col_label('C008'),'C',:old.c008,:new.c008);
       datagrid_logging(:new.id,:new.ws_app_id,:new.data_grid_id,la_col_label('C009'),'C',:old.c009,:new.c009);
       datagrid_logging(:new.id,:new.ws_app_id,:new.data_grid_id,la_col_label('C010'),'C',:old.c010,:new.c010);
       datagrid_logging(:new.id,:new.ws_app_id,:new.data_grid_id,la_col_label('C011'),'C',:old.c011,:new.c011);
       datagrid_logging(:new.id,:new.ws_app_id,:new.data_grid_id,la_col_label('C012'),'C',:old.c012,:new.c012);
       datagrid_logging(:new.id,:new.ws_app_id,:new.data_grid_id,la_col_label('C013'),'C',:old.c013,:new.c013);
       datagrid_logging(:new.id,:new.ws_app_id,:new.data_grid_id,la_col_label('C014'),'C',:old.c014,:new.c014);
       datagrid_logging(:new.id,:new.ws_app_id,:new.data_grid_id,la_col_label('C015'),'C',:old.c015,:new.c015);
       datagrid_logging(:new.id,:new.ws_app_id,:new.data_grid_id,la_col_label('C016'),'C',:old.c016,:new.c016);
       datagrid_logging(:new.id,:new.ws_app_id,:new.data_grid_id,la_col_label('C017'),'C',:old.c017,:new.c017);
       datagrid_logging(:new.id,:new.ws_app_id,:new.data_grid_id,la_col_label('C018'),'C',:old.c018,:new.c018);
       datagrid_logging(:new.id,:new.ws_app_id,:new.data_grid_id,la_col_label('C019'),'C',:old.c019,:new.c019);
       datagrid_logging(:new.id,:new.ws_app_id,:new.data_grid_id,la_col_label('C020'),'C',:old.c020,:new.c020);
       datagrid_logging(:new.id,:new.ws_app_id,:new.data_grid_id,la_col_label('C021'),'C',:old.c021,:new.c021);
       datagrid_logging(:new.id,:new.ws_app_id,:new.data_grid_id,la_col_label('C022'),'C',:old.c022,:new.c022);
       datagrid_logging(:new.id,:new.ws_app_id,:new.data_grid_id,la_col_label('C023'),'C',:old.c023,:new.c023);
       datagrid_logging(:new.id,:new.ws_app_id,:new.data_grid_id,la_col_label('C024'),'C',:old.c024,:new.c024);
       datagrid_logging(:new.id,:new.ws_app_id,:new.data_grid_id,la_col_label('C025'),'C',:old.c025,:new.c025);
       datagrid_logging(:new.id,:new.ws_app_id,:new.data_grid_id,la_col_label('C026'),'C',:old.c026,:new.c026);
       datagrid_logging(:new.id,:new.ws_app_id,:new.data_grid_id,la_col_label('C027'),'C',:old.c027,:new.c027);
       datagrid_logging(:new.id,:new.ws_app_id,:new.data_grid_id,la_col_label('C028'),'C',:old.c028,:new.c028);
       datagrid_logging(:new.id,:new.ws_app_id,:new.data_grid_id,la_col_label('C029'),'C',:old.c029,:new.c029);
       datagrid_logging(:new.id,:new.ws_app_id,:new.data_grid_id,la_col_label('C030'),'C',:old.c030,:new.c030);
       datagrid_logging(:new.id,:new.ws_app_id,:new.data_grid_id,la_col_label('C031'),'C',:old.c031,:new.c031);
       datagrid_logging(:new.id,:new.ws_app_id,:new.data_grid_id,la_col_label('C032'),'C',:old.c032,:new.c032);
       datagrid_logging(:new.id,:new.ws_app_id,:new.data_grid_id,la_col_label('C033'),'C',:old.c033,:new.c033);
       datagrid_logging(:new.id,:new.ws_app_id,:new.data_grid_id,la_col_label('C034'),'C',:old.c034,:new.c034);
       datagrid_logging(:new.id,:new.ws_app_id,:new.data_grid_id,la_col_label('C035'),'C',:old.c035,:new.c035);
       datagrid_logging(:new.id,:new.ws_app_id,:new.data_grid_id,la_col_label('C036'),'C',:old.c036,:new.c036);
       datagrid_logging(:new.id,:new.ws_app_id,:new.data_grid_id,la_col_label('C037'),'C',:old.c037,:new.c037);
       datagrid_logging(:new.id,:new.ws_app_id,:new.data_grid_id,la_col_label('C038'),'C',:old.c038,:new.c038);
       datagrid_logging(:new.id,:new.ws_app_id,:new.data_grid_id,la_col_label('C039'),'C',:old.c039,:new.c039);
       datagrid_logging(:new.id,:new.ws_app_id,:new.data_grid_id,la_col_label('C040'),'C',:old.c040,:new.c040);
       datagrid_logging(:new.id,:new.ws_app_id,:new.data_grid_id,la_col_label('C041'),'C',:old.c041,:new.c041);
       datagrid_logging(:new.id,:new.ws_app_id,:new.data_grid_id,la_col_label('C042'),'C',:old.c042,:new.c042);
       datagrid_logging(:new.id,:new.ws_app_id,:new.data_grid_id,la_col_label('C043'),'C',:old.c043,:new.c043);
       datagrid_logging(:new.id,:new.ws_app_id,:new.data_grid_id,la_col_label('C044'),'C',:old.c044,:new.c044);
       datagrid_logging(:new.id,:new.ws_app_id,:new.data_grid_id,la_col_label('C045'),'C',:old.c045,:new.c045);
       datagrid_logging(:new.id,:new.ws_app_id,:new.data_grid_id,la_col_label('C046'),'C',:old.c046,:new.c046);
       datagrid_logging(:new.id,:new.ws_app_id,:new.data_grid_id,la_col_label('C047'),'C',:old.c047,:new.c047);
       datagrid_logging(:new.id,:new.ws_app_id,:new.data_grid_id,la_col_label('C048'),'C',:old.c048,:new.c048);
       datagrid_logging(:new.id,:new.ws_app_id,:new.data_grid_id,la_col_label('C049'),'C',:old.c049,:new.c049);
       datagrid_logging(:new.id,:new.ws_app_id,:new.data_grid_id,la_col_label('C050'),'C',:old.c050,:new.c050);
       -- numbers
       datagrid_logging(:new.id,:new.ws_app_id,:new.data_grid_id,la_col_label('N001'),'N',null,null,null,null,:old.n001,:new.n001);
       datagrid_logging(:new.id,:new.ws_app_id,:new.data_grid_id,la_col_label('N002'),'N',null,null,null,null,:old.n002,:new.n002);
       datagrid_logging(:new.id,:new.ws_app_id,:new.data_grid_id,la_col_label('N003'),'N',null,null,null,null,:old.n003,:new.n003);
       datagrid_logging(:new.id,:new.ws_app_id,:new.data_grid_id,la_col_label('N004'),'N',null,null,null,null,:old.n004,:new.n004);
       datagrid_logging(:new.id,:new.ws_app_id,:new.data_grid_id,la_col_label('N005'),'N',null,null,null,null,:old.n005,:new.n005);
       datagrid_logging(:new.id,:new.ws_app_id,:new.data_grid_id,la_col_label('N006'),'N',null,null,null,null,:old.n006,:new.n006);
       datagrid_logging(:new.id,:new.ws_app_id,:new.data_grid_id,la_col_label('N007'),'N',null,null,null,null,:old.n007,:new.n007);
       datagrid_logging(:new.id,:new.ws_app_id,:new.data_grid_id,la_col_label('N008'),'N',null,null,null,null,:old.n008,:new.n008);
       datagrid_logging(:new.id,:new.ws_app_id,:new.data_grid_id,la_col_label('N009'),'N',null,null,null,null,:old.n009,:new.n009);
       datagrid_logging(:new.id,:new.ws_app_id,:new.data_grid_id,la_col_label('N010'),'N',null,null,null,null,:old.n010,:new.n010);
       datagrid_logging(:new.id,:new.ws_app_id,:new.data_grid_id,la_col_label('N011'),'N',null,null,null,null,:old.n011,:new.n011);
       datagrid_logging(:new.id,:new.ws_app_id,:new.data_grid_id,la_col_label('N012'),'N',null,null,null,null,:old.n012,:new.n012);
       datagrid_logging(:new.id,:new.ws_app_id,:new.data_grid_id,la_col_label('N013'),'N',null,null,null,null,:old.n013,:new.n013);
       datagrid_logging(:new.id,:new.ws_app_id,:new.data_grid_id,la_col_label('N014'),'N',null,null,null,null,:old.n014,:new.n014);
       datagrid_logging(:new.id,:new.ws_app_id,:new.data_grid_id,la_col_label('N015'),'N',null,null,null,null,:old.n015,:new.n015);
       datagrid_logging(:new.id,:new.ws_app_id,:new.data_grid_id,la_col_label('N016'),'N',null,null,null,null,:old.n016,:new.n016);
       datagrid_logging(:new.id,:new.ws_app_id,:new.data_grid_id,la_col_label('N017'),'N',null,null,null,null,:old.n017,:new.n017);
       datagrid_logging(:new.id,:new.ws_app_id,:new.data_grid_id,la_col_label('N018'),'N',null,null,null,null,:old.n018,:new.n018);
       datagrid_logging(:new.id,:new.ws_app_id,:new.data_grid_id,la_col_label('N019'),'N',null,null,null,null,:old.n019,:new.n019);
       datagrid_logging(:new.id,:new.ws_app_id,:new.data_grid_id,la_col_label('N020'),'N',null,null,null,null,:old.n020,:new.n020);
       datagrid_logging(:new.id,:new.ws_app_id,:new.data_grid_id,la_col_label('N021'),'N',null,null,null,null,:old.n021,:new.n021);
       datagrid_logging(:new.id,:new.ws_app_id,:new.data_grid_id,la_col_label('N022'),'N',null,null,null,null,:old.n022,:new.n022);
       datagrid_logging(:new.id,:new.ws_app_id,:new.data_grid_id,la_col_label('N023'),'N',null,null,null,null,:old.n023,:new.n023);
       datagrid_logging(:new.id,:new.ws_app_id,:new.data_grid_id,la_col_label('N024'),'N',null,null,null,null,:old.n024,:new.n024);
       datagrid_logging(:new.id,:new.ws_app_id,:new.data_grid_id,la_col_label('N025'),'N',null,null,null,null,:old.n025,:new.n025);
       datagrid_logging(:new.id,:new.ws_app_id,:new.data_grid_id,la_col_label('N026'),'N',null,null,null,null,:old.n026,:new.n026);
       datagrid_logging(:new.id,:new.ws_app_id,:new.data_grid_id,la_col_label('N027'),'N',null,null,null,null,:old.n027,:new.n027);
       datagrid_logging(:new.id,:new.ws_app_id,:new.data_grid_id,la_col_label('N028'),'N',null,null,null,null,:old.n028,:new.n028);
       datagrid_logging(:new.id,:new.ws_app_id,:new.data_grid_id,la_col_label('N029'),'N',null,null,null,null,:old.n029,:new.n029);
       datagrid_logging(:new.id,:new.ws_app_id,:new.data_grid_id,la_col_label('N030'),'N',null,null,null,null,:old.n030,:new.n030);
       datagrid_logging(:new.id,:new.ws_app_id,:new.data_grid_id,la_col_label('N031'),'N',null,null,null,null,:old.n031,:new.n031);
       datagrid_logging(:new.id,:new.ws_app_id,:new.data_grid_id,la_col_label('N032'),'N',null,null,null,null,:old.n032,:new.n032);
       datagrid_logging(:new.id,:new.ws_app_id,:new.data_grid_id,la_col_label('N033'),'N',null,null,null,null,:old.n033,:new.n033);
       datagrid_logging(:new.id,:new.ws_app_id,:new.data_grid_id,la_col_label('N034'),'N',null,null,null,null,:old.n034,:new.n034);
       datagrid_logging(:new.id,:new.ws_app_id,:new.data_grid_id,la_col_label('N035'),'N',null,null,null,null,:old.n035,:new.n035);
       datagrid_logging(:new.id,:new.ws_app_id,:new.data_grid_id,la_col_label('N036'),'N',null,null,null,null,:old.n036,:new.n036);
       datagrid_logging(:new.id,:new.ws_app_id,:new.data_grid_id,la_col_label('N037'),'N',null,null,null,null,:old.n037,:new.n037);
       datagrid_logging(:new.id,:new.ws_app_id,:new.data_grid_id,la_col_label('N038'),'N',null,null,null,null,:old.n038,:new.n038);
       datagrid_logging(:new.id,:new.ws_app_id,:new.data_grid_id,la_col_label('N039'),'N',null,null,null,null,:old.n039,:new.n039);
       datagrid_logging(:new.id,:new.ws_app_id,:new.data_grid_id,la_col_label('N040'),'N',null,null,null,null,:old.n040,:new.n040);
       datagrid_logging(:new.id,:new.ws_app_id,:new.data_grid_id,la_col_label('N041'),'N',null,null,null,null,:old.n041,:new.n041);
       datagrid_logging(:new.id,:new.ws_app_id,:new.data_grid_id,la_col_label('N042'),'N',null,null,null,null,:old.n042,:new.n042);
       datagrid_logging(:new.id,:new.ws_app_id,:new.data_grid_id,la_col_label('N043'),'N',null,null,null,null,:old.n043,:new.n043);
       datagrid_logging(:new.id,:new.ws_app_id,:new.data_grid_id,la_col_label('N044'),'N',null,null,null,null,:old.n044,:new.n044);
       datagrid_logging(:new.id,:new.ws_app_id,:new.data_grid_id,la_col_label('N045'),'N',null,null,null,null,:old.n045,:new.n045);
       datagrid_logging(:new.id,:new.ws_app_id,:new.data_grid_id,la_col_label('N046'),'N',null,null,null,null,:old.n046,:new.n046);
       datagrid_logging(:new.id,:new.ws_app_id,:new.data_grid_id,la_col_label('N047'),'N',null,null,null,null,:old.n047,:new.n047);
       datagrid_logging(:new.id,:new.ws_app_id,:new.data_grid_id,la_col_label('N048'),'N',null,null,null,null,:old.n048,:new.n048);
       datagrid_logging(:new.id,:new.ws_app_id,:new.data_grid_id,la_col_label('N049'),'N',null,null,null,null,:old.n049,:new.n049);
       datagrid_logging(:new.id,:new.ws_app_id,:new.data_grid_id,la_col_label('N050'),'N',null,null,null,null,:old.n050,:new.n050);
       -- dates
       datagrid_logging(:new.id,:new.ws_app_id,:new.data_grid_id,la_col_label('D001'),'D',null,null,:old.d001,:new.d001);
       datagrid_logging(:new.id,:new.ws_app_id,:new.data_grid_id,la_col_label('D002'),'D',null,null,:old.d002,:new.d002);
       datagrid_logging(:new.id,:new.ws_app_id,:new.data_grid_id,la_col_label('D003'),'D',null,null,:old.d003,:new.d003);
       datagrid_logging(:new.id,:new.ws_app_id,:new.data_grid_id,la_col_label('D004'),'D',null,null,:old.d004,:new.d004);
       datagrid_logging(:new.id,:new.ws_app_id,:new.data_grid_id,la_col_label('D005'),'D',null,null,:old.d005,:new.d005);
       datagrid_logging(:new.id,:new.ws_app_id,:new.data_grid_id,la_col_label('D006'),'D',null,null,:old.d006,:new.d006);
       datagrid_logging(:new.id,:new.ws_app_id,:new.data_grid_id,la_col_label('D007'),'D',null,null,:old.d007,:new.d007);
       datagrid_logging(:new.id,:new.ws_app_id,:new.data_grid_id,la_col_label('D008'),'D',null,null,:old.d008,:new.d008);
       datagrid_logging(:new.id,:new.ws_app_id,:new.data_grid_id,la_col_label('D009'),'D',null,null,:old.d009,:new.d009);
       datagrid_logging(:new.id,:new.ws_app_id,:new.data_grid_id,la_col_label('D010'),'D',null,null,:old.d010,:new.d010);
       datagrid_logging(:new.id,:new.ws_app_id,:new.data_grid_id,la_col_label('D011'),'D',null,null,:old.d011,:new.d011);
       datagrid_logging(:new.id,:new.ws_app_id,:new.data_grid_id,la_col_label('D012'),'D',null,null,:old.d012,:new.d012);
       datagrid_logging(:new.id,:new.ws_app_id,:new.data_grid_id,la_col_label('D013'),'D',null,null,:old.d013,:new.d013);
       datagrid_logging(:new.id,:new.ws_app_id,:new.data_grid_id,la_col_label('D014'),'D',null,null,:old.d014,:new.d014);
       datagrid_logging(:new.id,:new.ws_app_id,:new.data_grid_id,la_col_label('D015'),'D',null,null,:old.d015,:new.d015);
       datagrid_logging(:new.id,:new.ws_app_id,:new.data_grid_id,la_col_label('D016'),'D',null,null,:old.d016,:new.d016);
       datagrid_logging(:new.id,:new.ws_app_id,:new.data_grid_id,la_col_label('D017'),'D',null,null,:old.d017,:new.d017);
       datagrid_logging(:new.id,:new.ws_app_id,:new.data_grid_id,la_col_label('D018'),'D',null,null,:old.d018,:new.d018);
       datagrid_logging(:new.id,:new.ws_app_id,:new.data_grid_id,la_col_label('D019'),'D',null,null,:old.d019,:new.d019);
       datagrid_logging(:new.id,:new.ws_app_id,:new.data_grid_id,la_col_label('D020'),'D',null,null,:old.d020,:new.d020);
       datagrid_logging(:new.id,:new.ws_app_id,:new.data_grid_id,la_col_label('D021'),'D',null,null,:old.d021,:new.d021);
       datagrid_logging(:new.id,:new.ws_app_id,:new.data_grid_id,la_col_label('D022'),'D',null,null,:old.d022,:new.d022);
       datagrid_logging(:new.id,:new.ws_app_id,:new.data_grid_id,la_col_label('D023'),'D',null,null,:old.d023,:new.d023);
       datagrid_logging(:new.id,:new.ws_app_id,:new.data_grid_id,la_col_label('D024'),'D',null,null,:old.d024,:new.d024);
       datagrid_logging(:new.id,:new.ws_app_id,:new.data_grid_id,la_col_label('D025'),'D',null,null,:old.d025,:new.d025);
       datagrid_logging(:new.id,:new.ws_app_id,:new.data_grid_id,la_col_label('D026'),'D',null,null,:old.d026,:new.d026);
       datagrid_logging(:new.id,:new.ws_app_id,:new.data_grid_id,la_col_label('D027'),'D',null,null,:old.d027,:new.d027);
       datagrid_logging(:new.id,:new.ws_app_id,:new.data_grid_id,la_col_label('D028'),'D',null,null,:old.d028,:new.d028);
       datagrid_logging(:new.id,:new.ws_app_id,:new.data_grid_id,la_col_label('D029'),'D',null,null,:old.d029,:new.d029);
       datagrid_logging(:new.id,:new.ws_app_id,:new.data_grid_id,la_col_label('D030'),'D',null,null,:old.d030,:new.d030);
       datagrid_logging(:new.id,:new.ws_app_id,:new.data_grid_id,la_col_label('D031'),'D',null,null,:old.d031,:new.d031);
       datagrid_logging(:new.id,:new.ws_app_id,:new.data_grid_id,la_col_label('D032'),'D',null,null,:old.d032,:new.d032);
       datagrid_logging(:new.id,:new.ws_app_id,:new.data_grid_id,la_col_label('D033'),'D',null,null,:old.d033,:new.d033);
       datagrid_logging(:new.id,:new.ws_app_id,:new.data_grid_id,la_col_label('D034'),'D',null,null,:old.d034,:new.d034);
       datagrid_logging(:new.id,:new.ws_app_id,:new.data_grid_id,la_col_label('D035'),'D',null,null,:old.d035,:new.d035);
       datagrid_logging(:new.id,:new.ws_app_id,:new.data_grid_id,la_col_label('D036'),'D',null,null,:old.d036,:new.d036);
       datagrid_logging(:new.id,:new.ws_app_id,:new.data_grid_id,la_col_label('D037'),'D',null,null,:old.d037,:new.d037);
       datagrid_logging(:new.id,:new.ws_app_id,:new.data_grid_id,la_col_label('D038'),'D',null,null,:old.d038,:new.d038);
       datagrid_logging(:new.id,:new.ws_app_id,:new.data_grid_id,la_col_label('D039'),'D',null,null,:old.d039,:new.d039);
       datagrid_logging(:new.id,:new.ws_app_id,:new.data_grid_id,la_col_label('D040'),'D',null,null,:old.d040,:new.d040);
       datagrid_logging(:new.id,:new.ws_app_id,:new.data_grid_id,la_col_label('D041'),'D',null,null,:old.d041,:new.d041);
       datagrid_logging(:new.id,:new.ws_app_id,:new.data_grid_id,la_col_label('D042'),'D',null,null,:old.d042,:new.d042);
       datagrid_logging(:new.id,:new.ws_app_id,:new.data_grid_id,la_col_label('D043'),'D',null,null,:old.d043,:new.d043);
       datagrid_logging(:new.id,:new.ws_app_id,:new.data_grid_id,la_col_label('D044'),'D',null,null,:old.d044,:new.d044);
       datagrid_logging(:new.id,:new.ws_app_id,:new.data_grid_id,la_col_label('D045'),'D',null,null,:old.d045,:new.d045);
       datagrid_logging(:new.id,:new.ws_app_id,:new.data_grid_id,la_col_label('D046'),'D',null,null,:old.d046,:new.d046);
       datagrid_logging(:new.id,:new.ws_app_id,:new.data_grid_id,la_col_label('D047'),'D',null,null,:old.d047,:new.d047);
       datagrid_logging(:new.id,:new.ws_app_id,:new.data_grid_id,la_col_label('D048'),'D',null,null,:old.d048,:new.d048);
       datagrid_logging(:new.id,:new.ws_app_id,:new.data_grid_id,la_col_label('D049'),'D',null,null,:old.d049,:new.d049);
       datagrid_logging(:new.id,:new.ws_app_id,:new.data_grid_id,la_col_label('D050'),'D',null,null,:old.d050,:new.d050);
    end if;
    --
    -- set owner
    --
    if :new.owner is null then
        :new.owner := :new.created_by;
    end if;
end;

/
ALTER TRIGGER "PROINT1"."APEX$_WS_ROWS_T1" ENABLE;
--------------------------------------------------------
--  DDL for Trigger APEX$_WS_TAGS_T1
--------------------------------------------------------

  CREATE OR REPLACE TRIGGER "PROINT1"."APEX$_WS_TAGS_T1" 
before insert or update on "APEX$_WS_TAGS"
for each row
begin
    --
    -- maintain pk and timestamps
    --
    if inserting and :new.id is null then
        select to_number(sys_guid(),'XXXXXXXXXXXXXXXXXXXXXXXXXXXXXXXX') into :new.id from dual;
    end if;
    if inserting then
        :new.created_on := sysdate;
        :new.created_by := nvl(v('APP_USER'),user);
        :new.updated_on := sysdate;
        :new.updated_by := nvl(v('APP_USER'),user);
    elsif updating then
        :new.updated_on := sysdate;
        :new.updated_by := nvl(v('APP_USER'),user);
    end if;
end;
/
ALTER TRIGGER "PROINT1"."APEX$_WS_TAGS_T1" ENABLE;
--------------------------------------------------------
--  DDL for Trigger APEX$_WS_WEBPG_SECTIONS_T1
--------------------------------------------------------

  CREATE OR REPLACE TRIGGER "PROINT1"."APEX$_WS_WEBPG_SECTIONS_T1" 
before insert or update on "APEX$_WS_WEBPG_SECTIONS"
for each row
declare
    l_sequence_changed varchar2(1) := 'N';
    l_title_changed varchar2(1) := 'N';
    l_content_changed varchar2(1) := 'N';
    procedure clob_upper( p_content in clob, p_content_upper in out nocopy clob)
    is
    l_buf varchar2(32767);
    l_off number;
    l_amt number;
    begin
    if p_content is not null then
        l_amt := 8000;
        l_off := 1;
         dbms_lob.trim( p_content_upper, 0);
         begin
             loop
                 dbms_lob.read( p_content, l_amt, l_off, l_buf );
                 l_buf := upper( l_buf );
                 dbms_lob.writeappend( p_content_upper, length(l_buf), l_buf);
                 l_off := l_off + l_amt;
                 l_amt := 8000;
             end loop;
         exception
             when no_data_found then null;
         end;
     end if;
end clob_upper;
begin
    --
    -- maintain pk and timestamps
    --
    if inserting and :new.id is null then
        select to_number(sys_guid(),'XXXXXXXXXXXXXXXXXXXXXXXXXXXXXXXX') into :new.id from dual;
    end if;
    if :new.section_type = 'NAV_PAGE' then
        if :new.nav_include_link is null then
            :new.nav_include_link := 'Y';
        end if;
    end if;
    if inserting and :new.content is not null then
        dbms_lob.createtemporary( :new.content_upper, false, dbms_lob.call );
        clob_upper( :new.content, :new.content_upper );
    elsif updating then
        if :new.content_upper is null then
            dbms_lob.createtemporary( :new.content_upper, false, dbms_lob.call );
        end if;
        clob_upper( :new.content, :new.content_upper );
    end if;
    if inserting then
        :new.created_on := sysdate;
        :new.created_by := nvl(v('APP_USER'),user);
        :new.updated_on := sysdate;
        :new.updated_by := nvl(v('APP_USER'),user);
    elsif updating then
        :new.updated_on := sysdate;
        :new.updated_by := nvl(v('APP_USER'),user);
        if nvl(:old.display_sequence,-999) != nvl(:new.display_sequence,-999) then
            l_sequence_changed := 'Y';
        end if;
        if nvl(:old.title,'jKKwZk') != nvl(:new.title,'jKKwZk') then
            l_title_changed := 'Y';
        end if;
        if dbms_lob.compare(:new.content,:old.content) != 0 or nvl(length(:new.content),0) != nvl(length(:old.content),0) then
            l_content_changed := 'Y';
        end if;
        if l_sequence_changed = 'Y' or l_title_changed = 'Y' or l_content_changed = 'Y' then
            insert into apex$_ws_webpg_section_history (section_id, ws_app_id, webpage_id, old_display_sequence, new_display_sequence,
            old_title, new_title, old_content, new_content, change_date, application_user_id)
            values (:new.id, :new.ws_app_id, :new.webpage_id,
                    decode(l_sequence_changed,'Y',:old.display_sequence,null), decode(l_sequence_changed,'Y',:new.display_sequence,null),
                    decode(l_title_changed,'Y',:old.title,null), decode(l_title_changed,'Y',:new.title,null),
                    decode(l_content_changed,'Y',:old.content,null), decode(l_content_changed,'Y',:new.content,null), sysdate, v('APP_USER'));
        end if;
    end if;
end;
/
ALTER TRIGGER "PROINT1"."APEX$_WS_WEBPG_SECTIONS_T1" ENABLE;
--------------------------------------------------------
--  DDL for Trigger GIV_NB_IDN_TRG
--------------------------------------------------------

  CREATE OR REPLACE TRIGGER "PROINT1"."GIV_NB_IDN_TRG" BEFORE
  INSERT ON TB_PRD_GRUPOINVESTIGACION FOR EACH ROW   WHEN (NEW.NB_IDN IS NULL) BEGIN :NEW.NB_IDN := GIV_NB_IDN_SEQ.NEXTVAL;
END;
/
ALTER TRIGGER "PROINT1"."GIV_NB_IDN_TRG" ENABLE;
--------------------------------------------------------
--  DDL for Trigger PRO_NB_IDN_TRG
--------------------------------------------------------

  CREATE OR REPLACE TRIGGER "PROINT1"."PRO_NB_IDN_TRG" BEFORE
  INSERT ON TB_PRD_PRODUCCION FOR EACH ROW  WHEN (NEW.NB_IDN IS NULL) BEGIN :NEW.NB_IDN := PRO_NB_IDN_SEQ.NEXTVAL;
END;
/
ALTER TRIGGER "PROINT1"."PRO_NB_IDN_TRG" ENABLE;
--------------------------------------------------------
--  DDL for Trigger TB_ADM_PAISES_NB_IDN_TRG
--------------------------------------------------------

  CREATE OR REPLACE TRIGGER "PROINT1"."TB_ADM_PAISES_NB_IDN_TRG" BEFORE
  INSERT ON TB_ADM_PAISES FOR EACH ROW  WHEN (NEW.NB_IDN IS NULL) BEGIN :NEW.NB_IDN := TB_ADM_PAISES_NB_IDN_SEQ.NEXTVAL;
END;
/
ALTER TRIGGER "PROINT1"."TB_ADM_PAISES_NB_IDN_TRG" ENABLE;
--------------------------------------------------------
--  DDL for Trigger TB_ADM_TIPOIDENTIFICACION_NB_I
--------------------------------------------------------

  CREATE OR REPLACE TRIGGER "PROINT1"."TB_ADM_TIPOIDENTIFICACION_NB_I" BEFORE
  INSERT ON TB_ADM_TIPOIDENTIFICACION FOR EACH ROW  WHEN (NEW.NB_IDN IS NULL) BEGIN :NEW.NB_IDN := TB_ADM_TIPOIDENTIFICACION_NB_I.NEXTVAL;
END;
/
ALTER TRIGGER "PROINT1"."TB_ADM_TIPOIDENTIFICACION_NB_I" ENABLE;
--------------------------------------------------------
--  DDL for Trigger TB_ADM_UNIVERSIDADES_NB_IDM
--------------------------------------------------------

  CREATE OR REPLACE TRIGGER "PROINT1"."TB_ADM_UNIVERSIDADES_NB_IDM" BEFORE
  INSERT ON TB_ADM_UNIVERSIDADES FOR EACH ROW  WHEN (NEW.NB_IDM IS NULL) BEGIN :NEW.NB_IDM := TB_ADM_UNIVERSIDADES_NB_IDM.NEXTVAL;
END;
/
ALTER TRIGGER "PROINT1"."TB_ADM_UNIVERSIDADES_NB_IDM" ENABLE;
--------------------------------------------------------
--  DDL for Trigger TB_MIC_ESTADOMIC_NB_EST_IDN
--------------------------------------------------------

  CREATE OR REPLACE TRIGGER "PROINT1"."TB_MIC_ESTADOMIC_NB_EST_IDN" BEFORE
  INSERT ON TB_MIC_ESTADOMIC FOR EACH ROW  WHEN (NEW.NB_EST_IDN IS NULL) BEGIN :NEW.NB_EST_IDN := TB_MIC_ESTADOMIC_NB_EST_IDN.NEXTVAL;
END;
/
ALTER TRIGGER "PROINT1"."TB_MIC_ESTADOMIC_NB_EST_IDN" ENABLE;
--------------------------------------------------------
--  DDL for Trigger TB_MIC_EVALUACION_NB_EV_IDN
--------------------------------------------------------

  CREATE OR REPLACE TRIGGER "PROINT1"."TB_MIC_EVALUACION_NB_EV_IDN" BEFORE
  INSERT ON TB_MIC_EVALUACION FOR EACH ROW  WHEN (NEW.NB_EV_IDN IS NULL) BEGIN :NEW.NB_EV_IDN := TB_MIC_EVALUACION_NB_EV_IDN.NEXTVAL;
END;
/
ALTER TRIGGER "PROINT1"."TB_MIC_EVALUACION_NB_EV_IDN" ENABLE;
--------------------------------------------------------
--  DDL for Trigger TB_MIC_UNIDADES_NB_UNI_IDN_TRG
--------------------------------------------------------

  CREATE OR REPLACE TRIGGER "PROINT1"."TB_MIC_UNIDADES_NB_UNI_IDN_TRG" BEFORE
  INSERT ON TB_MIC_UNIDADES FOR EACH ROW  WHEN (NEW.NB_UNI_IDN IS NULL) BEGIN :NEW.NB_UNI_IDN := TB_MIC_UNIDADES_NB_UNI_IDN_SEQ.NEXTVAL;
END;
/
ALTER TRIGGER "PROINT1"."TB_MIC_UNIDADES_NB_UNI_IDN_TRG" ENABLE;
--------------------------------------------------------
--  DDL for Trigger TB_PRD_CAMPOS_NB_IDN_TRG
--------------------------------------------------------

  CREATE OR REPLACE TRIGGER "PROINT1"."TB_PRD_CAMPOS_NB_IDN_TRG" BEFORE
  INSERT ON TB_PRD_CAMPOS FOR EACH ROW  WHEN (NEW.NB_IDN IS NULL) BEGIN :NEW.NB_IDN := TB_PRD_CAMPOS_NB_IDN_SEQ.NEXTVAL;
END;
/
ALTER TRIGGER "PROINT1"."TB_PRD_CAMPOS_NB_IDN_TRG" ENABLE;
--------------------------------------------------------
--  DDL for Trigger TB_PRD_DETALLEPRODUCCIONES_NB_
--------------------------------------------------------

  CREATE OR REPLACE TRIGGER "PROINT1"."TB_PRD_DETALLEPRODUCCIONES_NB_" BEFORE
  INSERT ON TB_PRD_DETALLEPRODUCCIONES FOR EACH ROW  WHEN (NEW.NB_IDN IS NULL) BEGIN :NEW.NB_IDN := TB_PRD_DETALLEPRODUCCIONES_NB_.NEXTVAL;
END;
/
ALTER TRIGGER "PROINT1"."TB_PRD_DETALLEPRODUCCIONES_NB_" ENABLE;
--------------------------------------------------------
--  DDL for Trigger TB_PRD_TIPOPRODUCCIONESXCAMPO_
--------------------------------------------------------

  CREATE OR REPLACE TRIGGER "PROINT1"."TB_PRD_TIPOPRODUCCIONESXCAMPO_" BEFORE
  INSERT ON TB_PRD_TIPOPRODUCCIONESXCAMPO FOR EACH ROW  WHEN (NEW.NB_IDN IS NULL) BEGIN :NEW.NB_IDN := TB_PRD_TIPOPRODUCCIONESXCAMPO_.NEXTVAL;
END;
/
ALTER TRIGGER "PROINT1"."TB_PRD_TIPOPRODUCCIONESXCAMPO_" ENABLE;
--------------------------------------------------------
--  DDL for Trigger TPR_NB_IDN_TRG
--------------------------------------------------------

  CREATE OR REPLACE TRIGGER "PROINT1"."TPR_NB_IDN_TRG" BEFORE
  INSERT ON TB_PRD_TIPOPRODUCCION FOR EACH ROW  WHEN (NEW.NB_IDN IS NULL) BEGIN :NEW.NB_IDN := TPR_NB_IDN_SEQ.NEXTVAL;
END;
/
ALTER TRIGGER "PROINT1"."TPR_NB_IDN_TRG" ENABLE;
--------------------------------------------------------
--  DDL for Function CUSTOM_AUTH
--------------------------------------------------------

  CREATE OR REPLACE FUNCTION "PROINT1"."CUSTOM_AUTH" (p_username in VARCHAR2, p_password in VARCHAR2)
return BOOLEAN
is
  l_password varchar2(4000);
  l_stored_password varchar2(4000);
  l_expires_on date;
  l_count number;
begin
-- First, check to see if the user is in the user table
select count(*) into l_count from demo_users where user_name = p_username;
if l_count > 0 then
  -- First, we fetch the stored hashed password & expire date
  select password, expires_on into l_stored_password, l_expires_on
   from demo_users where user_name = p_username;

  -- Next, we check to see if the user's account is expired
  -- If it is, return FALSE
  if l_expires_on > sysdate or l_expires_on is null then

    -- If the account is not expired, we have to apply the custom hash
    -- function to the password
    l_password := custom_hash(p_username, p_password);

    -- Finally, we compare them to see if they are the same and return
    -- either TRUE or FALSE
    if l_password = l_stored_password then
      return true;
    else
      return false;
    end if;
  else
    return false;
  end if;
else
  -- The username provided is not in the DEMO_USERS table
  return false;
end if;
end;

/
--------------------------------------------------------
--  DDL for Function CUSTOM_HASH
--------------------------------------------------------

  CREATE OR REPLACE FUNCTION "PROINT1"."CUSTOM_HASH" (p_username in varchar2, p_password in varchar2)
return varchar2
is
  l_password varchar2(4000);
  l_salt varchar2(4000) := 'QNXSMYGW6T3R0TUWNQYL17QSK3OD2Y';
begin

-- This function should be wrapped, as the hash algorhythm is exposed here.
-- You can change the value of l_salt or the method of which to call the
-- DBMS_OBFUSCATOIN toolkit, but you much reset all of your passwords
-- if you choose to do this.

l_password := utl_raw.cast_to_raw(dbms_obfuscation_toolkit.md5
  (input_string => p_password || substr(l_salt,10,13) || p_username ||
    substr(l_salt, 4,10)));
return l_password;
end;

/
